index,name,address,reason
35,Ośrodek Pomocy Społecznej w Lubieniu Kujawskim,"ul. 1 Maja 44, 87-840 Lubień Kujawski",Service not available
41,Gminny Ośrodek Pomocy Społecznej we Włocławku,"ul. Królewiecka 7, 87-800 Włocławek",Service not available
49,Gminny Ośrodek Pomocy Społecznej w Nowej Wsi Wielkiej,"ul. Ogrodowa 2A, 86-060 Nowa Wieś Wielka",Service not available
51,Ośrodek Pomocy Społecznej w Świeciu,"ul. Gen. Józefa Hallera 11, 86-100 Świecie",Service not available
52,Gminny Ośrodek Pomocy Społecznej w Chełmży,"ul. Paderewskiego 11, 87-140 Chełmża",Service not available
53,Gminny Ośrodek Pomocy Społecznej w Gąsawie,"ul. Żnińska 19, 88-410 Gąsawa",Service not available
56,Gminny Ośrodek Pomocy Społecznej w Lipnie,"ul. Mickiewicza 29, 87-600 Lipno","value too long for type character varying(100)
"
57,Gminny Ośrodek Pomocy Społecznej w Książkach,"ul. Bankowa 4, 87-222 Książki",Service not available
63,Gminny Ośrodek Pomocy Społecznej w Dąbrowie Chełmińskiej,"Wałdowo Królewskie, ul. Długa 32,
 86-070 Dąbrowa Chełmińska",Geocoding failed
67,Gminny Ośrodek Pomocy Społecznej w Śliwicach,"ul. ks. dra. St. Sychowskiego 28,                           89 - 530 Śliwice",Geocoding failed
73,Miejsko-Gminny Ośrodek Pomocy Społecznej w Skępem,"ul. Dworcowa 9, 87-630 Skępe",Service not available
81,Gminny Ośrodek Pomocy Społecznej w Bukowcu,"ul. Dr Ceynowy 14, pok. nr 8 i 10
 86-122 Bukowiec",Service not available
82,"Gminny Ośrodek Pomocy Społecznej
 w Brzoziu","Brzozie 50, 87-313, Brzozie",Service not available
87,Gminny Ośrodek Pomocy Społecznej w Kikole,"Plac Kościuszki 7A, 87-620 Kikół",Service not available
91,Gminny Ośrodek Pomocy Społecznej w Dragaczu,86-134 Dragacz 7A,Geocoding failed
96,Urząd Gminy Raciążek,"ul. Wysoka 4, 87-721 Raciążek",Service not available
97,Gminny Ośrodek Pomocy Społecznej w Bartniczce,"ul. Brodnicka 8, 87-321 Bartniczka","value too long for type character varying(100)
"
99,Gminny Ośrodek Pomocy Społecznej w Rojewie,"Rojewo 8, 88-111 Rojewo",Service not available
101,Gminny Ośrodek Pomocy Społecznej w Kowalu,"ul. Piwna 33, 87-820 Kowal",Service not available
102,Centrum Usług Społecznych w Chełmnie,"ul. Gen. J. Hallera 11, 86-200 Chełmno",Geocoding failed
103,Miejsko-Gminny Ośrodek Pomocy Społecznej w Janowcu Wielkopolskim,"ul. Strzelecka 8, 88-430 Janowiec Wielkopolski",Service not available
107,Gminny Ośrodek Pomocy Społecznej w Świeciu nad Osą,86-341 Świecie nad Osą 2,Geocoding failed
108,Miejsko-Gminny Ośrodek Pomocy Społecznej w Kruszwicy,"ul. Rybacka 20, 88-150 Kruszwica",Service not available
111,Centrum Usług Społęcznych w Golubiu-Dobrzyniu,"Pl.1000-lecia 22A, (II piętro)
87-400 Golub-Dobrzyń",Service not available
120,Miejski Ośrodek Pomocy Społecznej w Chełmży,"ul. gen. J. Hallera 19,87 – 140 Chełmża",Geocoding failed
125,Starostwo Powiatowe w Lipnie,"ul. Sierakowskiego 10B, 87-600 Lipno",Service not available
128,Starostwo Powiatowe w Grudziądzu,"ul. Małomłyńska 1, 86-300 Grudziądz",Service not available
129,Powiatowe Centrum Pomocy Rodzinie w Inowrocławiu (Ośrodek Interwencji Kryzysowej),"ul. Mątewska 17, 88-100 Inowrocław",Service not available
131,Starostwo Powiatowe w Sępólnie Krajeńskim,"ul. T. Kościuszki 11, 89-400 Sępólno Krajeńskie",Geocoding failed
135,Urząd Miejski w Izbicy Kujawskiej,"ul. Marszałka Piłsudskiego 32, 87-865 Izbica Kujawska",Service not available
141,Powiatowe Centrum Pomocy Rodzinie w Golubiu-Dobrzyniu,"ul. J. G. Koppa 1, 87–400 Golub–Dobrzyń",Geocoding failed
143,Toruńskie Centrum Usług Społecznych,"ul. Marii Konopnickiej 13, 87-100 Toruń",Service not available
154,Gminny Ośrodek Pomocy Społecznej w Dębowej Łące,87-207 Dębowa Łąka 38,Service timed out
156,Gminny Ośrodek Pomocy Społecznej w Złotnikach Kujawskich,"ul. Powstańców Wielkopolskich 6,                           88-180 Złotniki Kujawskie",Service not available
157,Urząd Gminy w Łubiance,"ul. Aleja Jana Pawła II nr 8 i ul. Toruńska 97
87-152 Łubianka",Geocoding failed
162,Urząd Miejski w Strzelnie,"ul. dr Jakuba Cieślewicza 2, 88-320 Strzelno",Service not available
164,Gminny Ośrodek Pomocy Społecznej w Rogowie k. Rypina,"Rogowo 51, 87-515 Rogowo",Service not available
165,Urząd Miejski w Sępólnie Krajeńskim,"ul. Tadeusza Kościuszki 11, 89-400 Sępólno Krajeńskie",Service timed out
166,Gminny Ośrodek Pomocy Społecznej w Wąpielsku,87-337 Wąpielsk 59D,Service not available
169,Miejski Ośrodek Pomocy Rodzinie w Grudziądzu,"ul. Waryńskiego 34A, 86-300 Grudziądz",Service timed out
174,Kujawsko-Pomorska Niebieska Linia – Telefon dla Osób Doznających Przemocy Domowej,"ul. M. Skłodowskiej-Curie 73, 87-100 Toruń",Geocoding failed
175,"Biuro Wsparcia Rodziny, Przeciwdziałania Przemocy i Uzależnieniom Urzędu Marszałkowskiego w Toruniu","ul. M. Skłodowskiej-Curie 73, 87-100 Toruń",Service not available
179,Miejsko-Gminny Ośrodek Pomocy Społecznej w Obornikach Śląskich,"ul. Trzebnicka 1b
55-120 Oborniki Śląskie","value too long for type character varying(100)
"
181,Miejski Ośrodek Pomocy Społecznej w Głogowie,"ul. Gen. Wł. Sikorskiego 4, 67-200 Głogów",Service not available
182,Centrum Usług Społecznych w Głogowie,"ul. Generała Wł. Sikorskiego 4, 67-200 Głogów",Geocoding failed
185,Gminny Ośrodek Pomocy Społecznej w Legnickim Polu,"pl. H. Pobożnego 6, 59-241 Legnickie Pole",Geocoding failed
189,Ośrodek Pomocy Społecznej w Bystrzycy Kłodzkiej,"ul. 1 Maja 1, 57-500 Bystrzyca Kłodzka","value too long for type character varying(100)
"
193,Powiatowe Centrum Pomocy Rodzinie w Lubaniu (Ośrodek Interwencji Kryzysowej w Smolniku),"PCPR ul. Przemysłowa 4, 59-800 Lubań                      OIK Smolnik 22, 59-820 Leśna",Geocoding failed
195,Urząd Gminy Żukowice/Gminna komisja rozwiązywania problemów alkoholowych,"Żukowice 148, 67-231 Żukowice",Service not available
197,Urząd Miejski w Bielawie,"Plac Wolności 1, 58-260 Bielawa",Service not available
207,Powiatowe Centrum Pomocy Rodzinie w Kamiennej Górze,"ul. H. Sienkiewicza 6A, 58-400 Kamienna Góra",Geocoding failed
217,Gminny Ośrodek Pomocy Społecznej w Rui,"Ruja 23, 59 - 243 Ruja",Service not available
218,Powiatowe Centrum Pomocy Rodzinie w Oławie,"ul. Kutrowskiego 31A, 55-200 Oława",Service not available
220,Gminny Ośrodek Pomocy Społecznej w Przewornie,"ul. Kolejowa 4A, 57-130 Przeworno",Service timed out
221,Gminny Ośrodek Pomocy Społecznej w Chojnowie,"ul. Fabryczna 1, 59-225 Chojnów",Service not available
222,Powiatowe Centrum Pomocy Rodzinie w Kłodzku/ Ośrodek Interwencji Kryzysowej,"adres tymczasowy OIK ul. Okrzei 7, 57-300 Kłodzko
PCPR ul. Kościuszki 2, 57-300 Kłodzko",Geocoding failed
231,Urząd Miasta i Gminy Jelcz-Laskowice,"ul. Witosa 24, 55-220 Jelcz-Laskowice","value too long for type character varying(100)
"
235,Miejski Ośrodek Pomocy Społecznej w Lubinie,"ul.Kilińskiego 25a, 59-300 Lubin",Geocoding failed
238,Gminny Ośrodek Pomocy Społecznej w Starych Bogaczowicach,"ul. Główna 132, 58-312 Stare Bogaczowice",Service not available
240,Bogatyński Ośrodek Pomocy Społecznej i Wsparcia Rodziny w Bogatyni,"ul. Żołnierzy II AWP 14, 59-920 Bogatynia",Geocoding failed
244,Urząd Gminy Pęcław,"Pęcław 28, 67-221 Białołęka",Geocoding failed
254,Powiatowe Centrum Pomocy Rodzinie w Polkowicach,ul. św. Sebastiana 1A; 59-100 Polkowice,Service not available
257,Gminny Ośrodek Pomocy Społecznej w Kondratowicach,"ul. Nowa 1, 57-150 Prusy",Geocoding failed
261,Gminny Ośrodek Pomocy Społecznej w Żmigrodzie,"Plac Wojska Polskiego 5, 55 -140 Żmigród","value too long for type character varying(100)
"
263,Miejski Ośrodek Pomocy Społecznej we Wrocławiu,"ul. Strzegomska 6, 53-611 Wrocław",Service not available
271,Gminny Ośrodek Pomocy Społecznej w Dziadowej Kłodzie,"ul. Słoneczna 7c
56-504 Dziadowa Kłoda",Service not available
272,Ośrodek Pomocy Społecznej w Ciepłowodach,pl. Adama Mickiewicza 2 57-211 Ciepłowody,Service not available
273,Urząd Miejski w Trzebnicy,"pl. Marszałka J. Piłsudskiego 1, 55-100 Trzebnica",Geocoding failed
274,Miejski Ośrodek Pomocy Społecznej w Zgorzelcu,"ul. Traugutta 78A, 59-900 Zgorzelec",Service not available
275,Gminny Ośrodek Pomocy Społecznej w Cieszkowie,"ul. Gen. Wł. Sikorskiego 45, 56-330 Cieszków",Geocoding failed
276,Gminny Ośrodek Pomocy Społecznej w Żukowicach z siedzibą w Nielubi,"Nielubia 51a, 67-231 Nielubia",Geocoding failed
278,Miejski Ośrodek Pomocy Społecznej w Piechowicach,"ul. Boczna 15 (budynek ZUK), 58-573 Piechowice",Geocoding failed
279,Ośrodek Pomocy Społecznej w Dzierżoniowie,"ul. Szkolna 24, 58-200 Dzierżoniów",Service not available
283,Gminny Ośrodek Pomocy Społecznej w Kątach Wrocławskich,"ul. Nowowiejska 4, 55 - 080 Kąty Wrocławskie",Service not available
289,Urząd Miejski w Ząbkowicach Śląskich,"ul. 1 Maja 15, 57-200 Ząbkowice Śląskie",Service not available
290,Urząd Gminy Radków (Punkt konsultacyjno - terapeutyczny),"Rynek 1, 57-420 Radków Kłodzki",Service not available
294,Ośrodek Pomocy Społecznej w Strzegomiu,"Armii Krajowej 23, 58-150 Strzegom",Service timed out
299,Centrum Usług Społecznych w Goleniowie (Zespół Interdyscyplinarny ds. Przeciwdziałania Przemocy Domowej),"ul. Pocztowa 13, 72-100 Goleniów",Service timed out
300,Miejski Ośrodek Pomocy Społecznej w Wojcieszowie,"ul.Bolesława Chrobrego 105, 59-550 Wojcieszów",Geocoding failed
302,Centrum Uslug Społecznych w Pieszycach,"ul. M. Kopernika 124, 58-250 Pieszyce",Geocoding failed
310,Miejsko Gminny Ośrodek Pomocy Społecznej we Wleniu,"ul. Tadeusza Kościuszki 26, 59-610 Wleń",Service not available
311,Gminny Ośrodek Pomocy Społecznej w Pęcławiu z siedzibą w Wietszycach,"Wietszyce 46, 67-221 Białołęka",Service not available
312,Gminny Ośrodek Pomocy Społecznej w Czernicy,"ul. Wrocławska 78, 55-003 Czernica",Service timed out
316,Gminny Ośrodek Pomocy Społecznej w Świdnicy,"ul. B.Głowackiego 4, 58-100 Świdnica",Geocoding failed
323,Powiatowe Centrum Pomocy Rodzinie w Wałbrzychu (Gminny Ośrodek Interwencji Kryzysowej),"PCPR Al. Wyzwolenia 20-24, 58-300 Wałbrzych                                                                        Ośrodek Interwencji Kryzysowej
  ul. Beethovena 24a, 58-300 Wałbrzych",Service not available
324,Gminny Ośrodek Pomocy Społecznej w Mściwojowie,"Mściwojów 54, 59-407 Mściwojów",Service timed out
327,Gminny Ośrodek Pomocy Społecznej w Gaworzycach,"ul. Okrężna 85, 59-180 Gaworzyce",Service not available
328,Miejsko Gminny Ośrodek Pomocy Społecznej w Nowogrodźcu,"ul. A. Asnyka 53, 59-730 Nowogrodziec",Geocoding failed
332,"Urząd Miejski Wrocławia (Departament Spraw Społecznych
 Wydział Zdrowia i Spraw Społecznych)","ul. G. Zapolskiej 4, 50-032 Wrocław",Service not available
334,Urząd Miasta i Gminy w Niemczy,"ul. Rynek 10, 58-230 Niemcza",Service not available
335,Miejskie Centrum Wspierania Rodziny w Głogowie,"ul. Folwarczna 7, 67-200 Głogów",Service not available
337,Urząd Miasta w Kudowie-Zdroju,"ul.Zdrojowa 24, 57-350 Kudowa-Zdrój",Geocoding failed
338,Powiatowe Centrum Pomocy Rodzinie w Miliczu,"ul. Trzebnicka 4B, 56-300 Milicz",Service not available
341,Gminny Ośrodek Pomocy Społecznej w Wiązowie,"ul. Daszyńskiego 35, 57-120 Wiązów","value too long for type character varying(100)
"
347,Starostwo Powiatowe w Złotoryi,"pl. Niepodległości 8, 59-500 Złotoryja",Service not available
352,Urząd Gminy Grębocice,"ul. Głogowska 3,, 59-150 Grębocice",Service not available
358,Urząd Gminy Dobroszyce,"Rynek 16, 56-410 Dobroszyce",Service not available
359,Urząd Miejski w Oławie,"Pl. Zamkowy 15, 55-200 Oława",Service not available
361,Ośrodek Pomocy Społecznej w Kłodzku,"ul. Stefana Okrzei 8, 57-300 Kłodzko",Service not available
363,Urząd Miasta i Gminy w Twardogórze,"ul. Ratuszowa 14, 56-416 Twardogóra",Service timed out
364,Urząd Miejski w Chojnowie,"pl. Zamkowy 1, 59-225 Chojnów",Service not available
366,"Ośrodek Pomocy Społecznej w Polkowicach (Zespół Interdyscyplinarny ds. Przeciwdziałania Przemocy Domowej, Punkt konsultacyjny dla osób z problemem alkoholowych i ich rodzin oraz osób z zaburzeniami adaptacyjnymi, Punkt konsultacyjny prowadzony przez doradcę rodziny)","ul. Lipowa 2, 59-100 Polkowice","value too long for type character varying(255)
"
369,Gminny Ośrodek Pomocy Społecznej w Warcie Bolesławieckiej,"Warta Bolesławiecka 40c,
59-720 Warta Bolesławiecka",Service not available
370,Miejski Ośrodek Pomocy Społecznej w Jeleniej Górze,"al. Jana Pawła II nr 7, 58-506 Jelenia Góra","value too long for type character varying(100)
"
374,Gminny Ośrodek Pomocy Społecznej w Łagiewnikach,"ul. Sportowa 9, 58-210 Łagiewniki","value too long for type character varying(100)
"
376,Gminny Ośrodek Pomocy Społecznej w Strzelinie,"ul. Ząbkowicka 11, 57-100 Strzelin",Service not available
378,Miejsko - Gminny Ośrodek Pomocy Społecznej w Leśnej,"ul. Orzeszkowej 11B (II piętro), 59-820 Leśna (tymczasowa zmiana adresu)",Geocoding failed
379,Urząd Gminy Miłkowice,"ul. Wojska Polskiego 71, 59-222 Miłkowice",Service not available
390,Urząd Gminy Chrzanów,"Chrzanów Trzeci 112
23-305 Chrzanów",Service not available
391,"Gminny Ośrodek Pomocy Społecznej w Nieliszu
","Krzak 91, 22-413 Nielisz",Service not available
405,Ośrodek Pomocy Społecznej w Wierzbicy,"Wierzbica-Osiedle ul. Włodawska 5
 22-150 Wierzbica",Geocoding failed
408,Urząd Gminy Jabłonna Majątek,"Jabłonna-Majątek 22
23-114 Jabłonna-Majątek",Geocoding failed
410,Urząd Gminy Łabunie,"ul. Zamojska 50
22-437 Łabunie",Service not available
413,Urząd Gminy Radecznica,"ul. B. Prusa 21
22-463 Radecznica",Geocoding failed
416,Ośrodek Pomocy Społecznej w Bychawie,"ul. M. J. Piłsudskiego 22
23-100 Bychawa",Geocoding failed
430,Miejski Ośrodek Pomocy Społecznej w Tomaszowie Lubelskim,"ul. Papieża Jana Pawła II 12
 22 – 600 Tomaszów Lubelski",Geocoding failed
435,Gminny Ośrodek Pomocy Społecznej w Rokitnie,21-504 Rokitno 39A,Service not available
437,Gminny Ośrodek Pomocy Społecznej w Stoczku Łukowskim,"1-go Maja 12A,
21-450 Stoczek Łukowski",Geocoding failed
438,Urząd Gminy Stary Zamość,"Stary Zamość 6
22-417 Stary Zamość",Service timed out
445,Gminny Ośrodek Pomocy Społecznej w Serokomli,"ul. Warszawska 21
 21-413 Serokomla",Service timed out
452,Powiatowe Centrum Pomocy Rodzinie w Puławach,"al. Królewska 3
24-100 Puławy",Service not available
455,Gminny Ośrodek Pomocy Społecznej w Ułężu,08-504 Ułęż 168,Geocoding failed
461,Urząd Gminy Stanin,21-421 Stanin 62,Geocoding failed
462,Powiatowe Centrum Pomocy Rodzinie w Łęcznej,"ul. Staszica 9
21-010 Łęczna",Service not available
467,Urząd Miasta Puławy,"ul. Lubelska 5 
24-100 Puławy",Service not available
472, Ośrodek Pomocy Społecznej w Sosnowicy,"ul. Spokojna 10
 21-230 Sosnowica",Service not available
474,Urząd Miejski Rejowiec,"ul. Wiktoryna Zaleskiego 1
22-360 Rejowiec",Service timed out
479,Ośrodek Pomocy Społecznej w Wilkołazie,"Wilkołaz Pierwszy 9
23-212 Wilkołaz",Service not available
480,Gminny Ośrodek Pomocy Społecznej w Kraśniku,"ul. Kościuszki 24
23-200 Kraśnik",Service not available
481,Ośrodek Pomocy Społecznej w Sernikach,21-107 Serniki 1A,Geocoding failed
482,Ośrodek Pomocy Społecznej w Ostrówku,"Ostrówek- Kolonia 24
21-102 Ostrówek",Service not available
483,Ośrodek Pomocy Społecznej w Ostrówku,"Ostrówek- Kolonia 24
21-102 Ostrówek",Service not available
484,Ośrodek Pomocy Społecznej w Łęcznej,"Ludwin-Kolonia 24
21 - 075 Ludwin",Service not available
490,Ośrodek Pomocy Społecznej w Niedźwiadej,Niedźwiada Kolonia 42A 21-104 Niedźwiada,Service timed out
492,Starostwo Powiatowe w Tomaszowie Lubelskim,"ul. Lwowska 68
22-600 Tomaszów Lubelski",Service not available
497,Urząd Gminy Hańsk,"ul.Osiedlowa 4
22-235 Hańsk",Service timed out
501,Ośrodek Pomocy Społecznej w Trzydniku Dużym,"Trzydnik Duży 59A, 23-230 Trzydnik Duży",Service not available
509, Ośrodek Pomocy Społecznej w Milejowie,"ul. Partyzancka 13
 21-020 Milejów",Service not available
513,Gminny Ośrodek Pomocy Społecznej w Ulaniu-Majoracie,21-307 Ulan-Majorat 57,Geocoding failed
515,Gminny Ośrodek Pomocy Społecznej w Łomazach,"pl. Jagielloński 27
21-532 Łomazy",Service not available
517,Ośrodek Pomocy Społecznej w Łaszczowie,"ul. Chopina14
22-650 Łaszczów",Geocoding failed
518,Gminny Ośrodek Pomocy Społecznej w Bełżcu,"ul. Lwowska 36C
  22-670 Bełżec",Service timed out
519,Gminny Ośrodek Pomocy Społecznej w Horodle,"ul. Piłsudskiego 51
 22-523 Horodło",Service not available
525,Miejsko-Gminny Ośrodek Pomocy Społecznej we Włodawie,"al.  J. Piłsudskiego 41
 22-200 Włodawa",Geocoding failed
527,"Starostwo Powiatowe w Świdniku
","ul. Niepodległości 13, 21-040 Świdnik",Service not available
540,Urząd Miasta Terespol,"ul. Czerwonego Krzyża 26
21-550 Terespol",Service not available
550,Starostwo Powiatowe w Chełmie,"pl. Niepodległości 1 
22-100 Chełm",Service timed out
553,Urząd Gminy Wola Mysłowska,21-426 Wola Mysłowska 57,Geocoding failed
557,Urząd Gminy Biłgoraj,ul. T. Kościuszki 88 23 - 400 Biłgoraj,Geocoding failed
558,Gminny Ośrodek Pomocy Społecznej w Nowodworze,08-503 Nowodwór 67,Geocoding failed
559,"Urząd Gminy Stary Brus
","Stary Brus 47a, 22-244 Stary Brus",Service not available
564,Urząd Gminy Wilkołaz,"ul. Wilkołaz Pierwszy 9
23-212 Wilkołaz",Service timed out
568,Gminny Ośrodek Pomocy Społecznej w Radzyniu Podlaskim,"ul. Warszawska 32
21-300 Radzyń Podlaski",Service not available
569,Urząd Gminy Bełżec,"ul. Lwowska 5
 22-670 Bełżec",Service not available
570,Urząd Gminy Hanna,"ul. Rynek 2/1
 22-220 Hanna",Service timed out
571,Gminny Ośrodek Pomocy Społecznej w Komarowie-Osadzie,"ul. Rynek 15
22-435 Komarów-Osada",Service not available
583,Urząd Miasta Świdnik,"ul. Stanisława Wyspiańskiego 27
21-040 Świdnik",Service not available
584,Ośrodek Pomocy Społecznej w Konopnicy,"Kozubszczyzna 127b
21-030 Motycz",Service not available
589,Gminny Ośrodek Pomocy Społecznej we Włodawie,"al. J. Piłsudskiego 66 
22-200 Włodawa",Geocoding failed
590,Gminny Ośrodek Pomocy Społecznej w Dębowej Kłodzie,21-211 Dębowa Kłoda 116A,Geocoding failed
592,Ośrodek Pomocy Społecznej w Annopolu,"ul. Leśna 2
 23-235 Annopol",Service not available
607,Gminny Ośrodek Pomocy Społecznej w Lubiszynie,"ul. Dworcowa 30 F, 66-433 Lubiszyn",Service timed out
619,Ośrodek Pomocy Społecznej w Siedlisku,"ul. Plac Zamkowy 6, 67-112 Siedlisko",Service not available
622,Miejsko-Gminny Ośrodek Pomocy Społecznej w Strzelcach Krajeńskich,"Aleja Piastów 13, 66-500 Strzelce Krajeńskie",Service not available
623,Ośrodek Pomocy Społecznej w Nowym Miasteczku,"ul. 22-go Lipca 18
67-124 Nowe Miasteczko",Geocoding failed
629,Ośrodek Pomocy Społecznej w Skąpem,66-213 Skąpe 49,Geocoding failed
630,Powiatowe Centrum Pomocy Rodzinie w Żarach,"ul. Artylerzystów 6, 68-200 Żary",Service not available
631,Powiatowe Centrum Pomocy Rodzinie w Zielonej Górze,"ul. Podgórna 5, 65-057 Zielona Góra",Service not available
632,Urząd Gminy w Bogdańcu,"ul. Mickiewicza 45, 66-450 Bogdaniec",Service not available
638,Urząd Miejski w Nowej Soli/Punkt Konsultacyjny dla ofiar przemocy w rodzinie,"ul. M. J. Piłsudskiego 12, 67-100 Nowa Sól",Service timed out
640,Ośrodek Pomocy Społecznej w Sulechowie,ul. Jana Pawła II-go 52 66-100 Sulechów,Service timed out
642,Ośrodek Pomocy Społecznej w Bytnicy,"Bytnica 130, 66-630 Bytnica",Service timed out
654,Ośrodek Pomocy Społecznej w Trzebielu,"ul. Żarska 41, 68-212 Trzebiel",Service not available
655,Ośrodek Pomocy Społecznej w Starym Kurowie,"ul. Kościuszki 77/4, 66-540 Stare Kurowo",Service not available
657,Ośrodek Pomocy Społecznej w Babimoście,"ul. M.J. Piłsudskiego 2, 66-110 Babimost",Geocoding failed
660,Ośrodek Pomocy Społecznej w Czerwieńsku,"ul. marsz. Józefa Piłsudskiego 4, 66-016 Czerwieńsk",Geocoding failed
661,Ośrodek Pomocy Społecznej w Sulęcinie,"ul. E. Plater 14, 69 - 200 Sulęcin",Service timed out
664,Ośrodek Pomocy Społecznej w Tuplicach,"ul.Parkowa 17, 68-219 Tuplice",Geocoding failed
670,Gminny Zespół Interdyscyplinarny Zbąszynek,"ul.Kosieczyńska 4, 66-210 Zbąszynek",Geocoding failed
675,Ośrodek Pomocy Społecznej w Deszcznie,"ul. Strażacka 5, 66-446 Deszczno",Service not available
677,Miejsko-Gminny Ośrodek Pomocy Społecznej w Jasieniu,"ul. XX-lecia 20, 68-320 Jasień",Service not available
684,"Ośrodek Interwencji Kryzysowej ,,WYSPA’’ w Gubinie","ul. Pułaskiego 1, 66-620 Gubin",Service not available
685,Ośrodek Interwencji Kryzysowej w Zielonej Górze,"Stowarzyszenie Twoja Rodzina, Aleja Wojska Polskiego 116g, 65-762 Zielona Góra",Geocoding failed
687,Powiatowe Centrum Pomocy Rodzinie w Krośnie Odrzańskim,"ul. Piastów 10 B, 66-600 Krosno Odrzańskie",Service not available
692,Starostwo Powiatowe w Sulęcinie,"ul. Lipowa 18a, 69-200 Sulęcin",Service timed out
694,Poradnia Psychologiczno-Pedagogiczna we Wschowej,"ul. Zacisze 1, 67-400 Wschowa",Service not available
698,Gminny Ośrodek Pomocy Społecznej w Słońsku,"ul. Sikorskiego 10, 66-436 Słońsk",Service timed out
702,Gorzowskie Centrum Pomocy Rodzinie w Gorzowie Wielkopolskim,"ul. Walczaka 42, blok nr 2
66-400 Gorzów Wielkopolski",Geocoding failed
716,Urząd Gminy Jasionówka,"ul. Rynek 19
19-122 Jasionówka",Service not available
718,Gminny Ośrodek Pomocy Społecznej w Korycinie,"ul. Knyszyńska 2a
 16-140 Korycin",Service not available
720,Gminny Ośrodek Pomocy Społecznej w Dziadkowicach,17-306 Dziadkowice 13,Geocoding failed
722,Ośrodek Pomocy Społecznej w Perlejewie,17-322 Perlejewo 14,Service not available
724,Urząd Miasta Tykocin,"u. 11 listopada 8
16-080 Tykocin",Geocoding failed
725,Urząd Gminy Kuźnica,"pl. 1000-lecia Państwa Polskiego 1
16-123 Kuźnica",Service not available
727,Gminny Ośrodek Pomocy Społecznej w Wysokiem Mazowieckim,"ul. Mickiewicza 1A
18-200 Wysokie Mazowieckie",Service timed out
729,Urząd Miasta Ciechanowiec,"ul. Mickiewicza 1
18-230 Ciechanowiecc",Geocoding failed
732,Urząd Gminy Sejny,"ul. Grodzieńskiego 1
16-100 Sejny",Geocoding failed
734,Gminny Ośrodek Pomocy Społecznej w Jaświłach,19-124 Jaświły 7,Geocoding failed
738,Gminny Ośrodek Pomocy Społecznej w Trzciannej,"ul. Wojska Polskiego 11/2
19-104 Trzcianne",Service not available
746,Gminny Ośrodek Pomocy Społecznej w Augustowie,"ul.Mazurska 1C
16-300 Augustów",Geocoding failed
748,Urząd Gminy Bielsk Podlaski,"ul. Mickiewicza 46
17-100 Bielsk Podlaski",Service not available
749,Urząd Miasta Brańsk,"ul. Rynek 8
 17-120 Brańsk",Service not available
750,Gminny Ośrodek Pomocy Społecznej w Zambrowie,"ul. Fabryczna 3 (Budynek ZUS - pokój 102)
 18-300 Zambrów",Geocoding failed
751,Miejski Ośrodek Pomocy Społecznej w Knyszynie,"ul. Rynek 39
19-120 Knyszyn",Service timed out
752,Gminny Ośrodek Pomocy Społecznej w Narwi,"ul.Mickiewicza 101
 17-210 Narew",Service not available
761,Gminny Ośrodek Pomocy Społecznej w Filipowie,"ul. Garbarska 2/12, 16-424 Filipów",Service not available
766,Gminny Ośrodek Pomocy Społecznej w Czyżewie,"ul.Mazowiecka 34, 18-220 Czyżew",Geocoding failed
767,Gminny Ośrodek Pomocy Społecznej w Czeremsze,"ul. Duboisa 14
17-240 Czeremcha",Service timed out
768,Urząd Gminy Wyszki,"ul. Piórkowska 2
17-132 Wyszków",Geocoding failed
769,Ośrodek Pomocy Społecznej w Grabowie,"ul. Gen. Wł. Sikorskiego 1
18-507 Grabowo",Geocoding failed
774,Ośrodek Pomocy Społecznej w Małym Płocku,"ul. Krótka 15
18-516 Mały Płock",Service not available
776,Urząd Gminy Gródek,"ul. A. i G. Chodkiewiczów 2
16-040 Gródek",Geocoding failed
784,Urząd Gminy Rudka,"ul. Brańsk 13
17-123 Rudka",Service not available
785,Gminny Ośrodek Pomocy Społecznej w Rudce,"ul. Brańska 13 
17-123 Rudka",Service not available
789,Gminny Ośrodek Pomocy Społecznej w Siemiatyczach,"ul. Tadeusza Kościuszki 88 
17-300 Siemiatycze",Service not available
792,Urząd Gminy Nurzec-Stacja,"ul. Żerczycka 33
 17-330 Nurzec-Stacja",Service not available
795,Urząd Gminy Hajnówka,"ul. Aleksego Zina 1
17-200 Hajnówka",Service not available
798,Urząd Gminy Krypno Kościelne,"Krypno Kościelne 23 B
19-111 Krypno Kościelne",Geocoding failed
803,Urząd Miasta Bielsk Podlaski,"ul. M. Kopernika 1
17-100 Bielsk Podlaski",Geocoding failed
807,Urząd Gminy Dziadkowice,17-306 Dziadkowice 13,Geocoding failed
809,Starostwo Powiatowe w Grajewie,"ul. Strażacka 6B
 19-200 Grajewo",Service not available
812,Gminny Ośrodek Pomocy Społecznej w Boćkach,"pl. Armii Krajowej 3
17-111 Boćki",Service not available
816,Urząd Gminy Nowinka,"Nowinka 33, 16-304 Nowinka",Service not available
819,Urząd Gminy Poświętne,"Poświętne 21 
18-112 Poświętne",Service not available
825,Urząd Miasta Wysokie Mazowieckie,"ul.Ludowa 15
18-200 Wysokie Mazowieckie",Geocoding failed
828,Ośrodek Pomocy Społecznej w Nowogrodzie,"ul. Łomżyńska 41
 18-414 Nowogród",Service not available
836,Ośrodek Pomocy Społecznej  w Starym Sączu,"ul. 11 Listopada 11
 33 - 340 Stary Sącz",Service not available
838,Zespół Interdyscyplinarny w Stryszawie,34-205 Stryszawa 17,Geocoding failed
839,Urząd Gminy Bolesław,"ul. Główna 58, 32-329 Bolesław","value too long for type character varying(100)
"
840,"Tarnowski Ośrodek Interwencji Kryzysowej i Wsparcia Osób Doznających
Przemocy Domowej (TOIKiWODPD)","ul. Szarych Szeregów 1
 33-101 Tarnów",Service not available
844,Gminny Ośrodek Pomocy Społecznej w Pcimiu,32-432 Pcim 1177,Geocoding failed
845,Gminny Ośrodek Pomocy Społecznej w Spytkowicach,34-745 Spytkowice 26,Geocoding failed
849,Gminny Ośrodek Pomocy Społecznej w Słopnicach,34-615 Słopnice 911,Service not available
850,Gminny Ośrodek Pomocy Społecznej w Iwanowicach,"ul. Ojcowska 11
 32-095 Iwanowice Włościańskie",Service not available
856,Starostwo Powiatowe w Zakopanem,"ul. Chramcówki 15
34-500 Zakopane",Service not available
858,Miejski Ośrodek Pomocy Społecznej w Nowym Sączu,"ul. Grunwaldzka 59A
33-300 Nowy Sącz",Service not available
860,Gminny Ośrodek Pomocy Społecznej w Zembrzycach,34-210 Zembrzyce 540,Service timed out
863,Miejski Ośrodek Pomocy Społecznej w Limanowej,"ul. Kilińskiego 11 
34-600 Limanowa",Service not available
865,Powiatowe Centrum Pomocy Rodzinie w Krakowie,"al. Słowackiego 20
 30-037 Kraków",Service not available
868,Ośrodek Interwencji Kryzysowej w Wadowicach,"ul. E. i K. Wojtyłów 16 
34-100 Wadowice",Service timed out
870,Gminny Ośrodek Pomocy Społecznej w Charsznicy,"ul. Kolejowa 22
32-250 Charsznica",Service not available
877,Powiatowe Centrum Pomocy Rodzinie w Oświęcimiu,"ul. Bema 4, 32-600 Oświęcim","value too long for type character varying(100)
"
880,Miejski Ośrodek Pomocy Społecznej i Wsparcia Rodziny w Dąbrowie Tarnowskiej,"ul. Kościuszki 15A
33-200 Dąbrowa Tarnowska",Service timed out
884,Gminny Ośrodek Pomocy Społecznej w Lipinkach,38-305 Lipinki 44,Geocoding failed
892,Ośrodek Pomocy Społecznej w Babicach,"ul. Krakowska 56
 32-551 Babice",Service not available
901,Gminny Ośrodek Pomocy Społecznej w Kłaju,32-015 Kłaj 652,Service not available
902,Ośrodek Pomocy Społecznej w Tuchowie,"ul. Jana Pawła II 4 (I piętro)
33-170 Tuchów",Geocoding failed
908,Ośrodek Pomocy Społecznej w Lipnicy Wielkiej,34-483 Lipnica Wielka 518,Geocoding failed
909,Gminny Ośrodek Pomocy Społecznej w Rzepienniku Strzyżewskim,33-163 Rzepiennik Strzyżewski 400,Geocoding failed
910,Urząd Gminy Przeciszów,"ul. Podlesie 1 
32-641 Przeciszów",Service not available
914,Gminny Ośrodek Pomocy Społecznej w Igołomi - Wawrzeńczycach,32 - 125 Wawrzeńczyce 57,Geocoding failed
917,Urząd Miasta Gorlice,"Rynek 2
 38-300 Gorlice",Service not available
922,Gminny Ośrodek Pomocy Społecznej w Drwinie,32-709 Drwinia 57,Geocoding failed
924,Gminny Ośrodek Pomocy Społecznej w Lanckoronie,"ul. 3 Maja 11
34-143 Lanckorona",Service not available
927,Gminny Ośrodek Pomocy Społecznej w Szaflarach,"ul. Zakopiańska 18
 34-424 Szaflary",Service not available
931,Gminny Ośrodek Pomocy Społecznej w Żegocinie,32-731 Żegocina 316,Geocoding failed
932,Gminny Ośrodek Pomocy Społecznej w Bolesławiu (Punkt Informacyjno - Konsultacyjny dla Osób Uzależnionych i Ofiar Przemocy w Rodzinie),"ul. Główna 46
32-329 Bolesław",Service not available
935,Gminny Ośrodek Pomocy Społecznej w Łapanowie,32-740 Łapanów 34,Geocoding failed
936,Gminny Ośrodek Pomocy Społecznej w Tokarni,32-436 Tokarnia 380,Geocoding failed
937,Gminny Ośrodek Pomocy Społecznej w Stryszowie,34-146 Stryszów 557,Geocoding failed
942,Miejsko-Gminny Ośrodek Pomocy Społecznej w Kalwarii Zebrzydowskiej,"al. Jana Pawła II 7
34-130 Kalwaria Zebrzydowska",Service timed out
945,Urząd Gminy Czernichów,"Tresna ul. Żywiecka 2
34-311 Czernichów",Geocoding failed
946,Urząd Gminy Spytkowice,34-745 Spytkowice 26,Geocoding failed
948,Gminny Ośrodek Pomocy Społecznej w Iwkowej,32-861 Iwkowa 468,Geocoding failed
950,Urząd Gminy Raciechowice,32-415 Raciechowice 277,Geocoding failed
951,Gminny Ośrodek Pomocy Społecznej w Niedżwiedziu,34-735 Niedźwiedź 233,Geocoding failed
952,Gminny Ośrodek Pomocy Społecznej w Tymbarku,34-650 Tymbark 49,Geocoding failed
953,Urząd Miasta i Gminy Świątniki Górne,"ul. K. Bruchnalskiego 36
32-040 Świątniki Górne",Geocoding failed
957,Ośrodek Pomocy Społecznej w Oświęcimiu,"Grojec, ul. Beskidzka 100
 32-600 Oświęcim",Service not available
959,Ośrodek Pomocy Społecznej w Korzennej,33-322 Korzenna 325,Service not available
963,Gminny Ośrodek Pomocy Społecznej w Borzęcinie,32-825 Borzęcin 563 A,Geocoding failed
964,Urząd Gminy Trzciana,32-733 Trzciana 302,Geocoding failed
975,Gminny Ośrodek Pomocy Społecznej w Ryglicach,ul. Ks. J. Wyrwy 2 33-160 Ryglice,Geocoding failed
979,Gminny Ośrodek Pomocy Społecznej w Łukowicy,34-606 Łukowica 286,Geocoding failed
980,Gminny Ośrodek Pomocy Społecznej w Kętach,"ul. Żwirki i Wigury 8, 32-650 Kęty",Service not available
982,Ośrodek Pomocy Społecznej w Bukowinie Tatrzańskiej,"ul. Długa 144
34-530 Bukowina Tatrzańska",Service not available
987, Specjalny Ośrodek Szkolno-Wychowawczego w Złotej ,32-859 Złota 292,Geocoding failed
992,Urząd Miasta Chełmek,"ul. Krakowska 11
 32-660 Chełmek",Service not available
999,Gminny Ośrodek Pomocy Społecznej w Słaboszowie,32-218 Słaboszów 57,Geocoding failed
1001,Miejski Ośrodek Pomocy Społecznej w Bukownie,"ul.Wojska Polskiego 3, 32-332 Bukowno",Geocoding failed
1004,Ośrodek Pomocy Społecznej w Muszynie,"ul.Piłsudskiego 119
33-370 Muszyna",Geocoding failed
1005,Gminny Ośrodek Pomocy Społecznej w Wielkiej Wsi,"Plac Wspólnoty 2
 32-085 Szyce",Service not available
1009,Gminny Ośrodek Pomocy Społecznej w Skrzyszowie,33-156 Skrzyszów 638,Geocoding failed
1011,Gminny Ośrodek Pomocy Społecznej w Rabie Wyżnej,34-721 Raba Wyżna 41,Service timed out
1013,Gminny Ośrodek Pomocy Społecznej w Gnojniku,32-864 Gnojnik 363,Service not available
1016,Urząd Gminy Biskupice,"Tomaszkowice 455
32-020 Wieliczka",Service not available
1025,Zespół Ośrodków Wsparcia Ośrodek Interwencji Kryzysowej i Specjalistyczny Ośrodek Wsparcia dla Osób Doznających Przemocy Domowej,"ul. Ks. J. Popiełuszki 24
05-820 Piastów",Geocoding failed
1032,Powiatowe Centrum Pomocy Rodzinie w Pułtusku,"ul. 3 Maja 20
 06-100 Pułtusk",Service not available
1036,Miejsko Gminny Ośrodek Pomocy Społecznej w Kosowie Lackim,"ul. Kolejowa 2
08-330 Kosów Lacki",Service timed out
1037,Urząd Miasta Karczew,"ul. Warszawska 28
 05-480 Karczew",Service timed out
1039,Gminny Ośrodek Pomocy Społecznej w Starej Kornicy,08-205 Stara Kornica 191,Geocoding failed
1043,Ośrodek Pomocy Społecznej w Otwocku,"ul.Sosnowa 4
05-400 Otwock",Geocoding failed
1046,Gminny Ośrodek Pomocy Społecznej w Naruszewie,09-152 Naruszewo 19a,Geocoding failed
1047,Miejski Ośrodek Pomocy Społecznej w Ostrowie Mazowieckim,"ul. K. Warchalskiego 3
07-300 Ostrów Mazowiecka",Service not available
1049,Miejsko-Gminny Ośrodek Pomocy Społecznej w Czerwińsku nad Wisłą,"Władysława Jagiełły 16
09-150 Czerwińsk nad Wisłą",Service not available
1064,"Urząd Miasta Radom
Ośrodek Interwencji Kryzysowej w Radomiu","ul. Malczewskiego 20B
26-600 Radom",Service not available
1065,Miejsko-Gminny Ośrodek Pomocy Społecznej w Sochocinie,"ul. Guzikarzy 9
09-110 Sochocin",Service not available
1071,Gminny Ośrodek Pomocy Społecznej w Czerwonce,06-232 Czerwonka Włościańska 38A,Geocoding failed
1072,Gminny Ośrodek Pomocy Społecznej w Gzach,06-126 Gzy 8,Geocoding failed
1075,Gminny Ośrodek Pomocy Społecznej w Brudzeniu Dużym,"ul.Jana Pawła II 2A
09-414 Brudzeń Duży",Service timed out
1076,Ośrodek Pomocy Społecznej w Rzewnie,06-225 Rzewnie 19,Service not available
1083,Gminny Ośrodek Pomocy Społecznej w Suchożebrach,"ul. Aleksandry Ogińskiej 11
08-125 Suchożebry",Service timed out
1084,Ośrodek Pomocy Społecznej w Wołominie,"al. Armii Krajowej 34
 05-200 Wołomin",Service not available
1094,Urząd Gminy Borkowice,"ul. Ks. J. Wiśniewskiego 42
26 - 422 Borkowice",Geocoding failed
1103,Urząd Gminy Nieporęt,"pl. Wolności 1
05-126 Nieporęt",Service not available
1104,Gminny Ośrodek Pomocy Społecznej w Pokrzywnicy,"al. Jana Pawła II 1
06-121 Pokrzywnica",Service not available
1108,Ośrodek Pomocy Społecznej w Wierzbicy,"Wierzbica-Osiedle ul. Włodawska 5
 22-150 Wierzbica",Service not available
1111,Urząd Miast i Gminy Nowe Miasto nad Pilicą,"pl. O. H. Koźmińskiego 1/2
26-420 Nowe Miasto nad Pilicą",Geocoding failed
1112,Gminny Ośrodek Pomocy Społecznej w Jedlińsku,"ul. M. Konopnickiej 11
26-660 Jedlińsk",Geocoding failed
1127,Gminny Ośrodek Pomocy Społecznej w Dąbrówce,"ul. T. Kościuszki 14
05-252 Dąbrówka",Geocoding failed
1129,"Miejski Ośrodek Pomocy Rodzinie w Siedlcach                                  (Ośrodek Interwencji Kryzysowej)
","ul. B. Prusa 16/18
 08-110 Siedlce",Service not available
1138,Gminny Ośrodek Pomocy Społecznej w Dębiem Wielkim,"ul Strażacka 3
05-311 Dębe Wielkie",Geocoding failed
1140,Urząd Gminy Pionki,"ul. Zwycięstwa 6a
26-670 Pionki",Service timed out
1149,Gminny Ośrodek Pomocy Społecznej w Szelkowie,"Stary Szelków 39,
06-220 Stary Szelków",Geocoding failed
1153,Gminny Ośrodek Pomocy Społecznej w Mochowie,"Mochowo, ul. Dobrzyńska 3/1
09-214 Mochowo",Geocoding failed
1154,Ośrodek Pomocy Społecznej w Rząśniku,"ul. Jesionowa 3, 07-205 Rząśnik",Service not available
1155,Miejski Ośrodek Pomocy Społecznej w Halinowie,"ul. A. Mickiewicza 23
05-074 Halinów",Geocoding failed
1156,Ośrodek Pomocy Społecznej w Obrytych,07-215 Obryte 185,Geocoding failed
1157,Gminny Ośrodek Pomocy Społecznej w Kotuniu,"ul. Siedlecka 56c
08-130 Kotuń",Service not available
1161,Urząd Gminy Klembów,"ul. Gen. Fr. Żymirskiego 38 
05-205 Klembów",Geocoding failed
1162,Gminny Ośrodek Pomocy Społecznej w Jońcu,09-131 Joniec 29,Geocoding failed
1167,Urząd Gminy Goworowo,"ul. Ostrołęcka 21
07-440 Goworowo",Service not available
1168,Gminny Ośrodek Pomocy Społecznej w Garwolinie,"ul. Mazowiecka 18
 08-400 Garwolin",Service not available
1169,Gminny Ośrodek Pomocy Społecznej w Wiśniewie,"Wiśniewo 86
06-521 Wiśniewo",Service not available
1170,Powiatowe Centrum Pomocy Rodzinie w Nowym Dworze Mazowieckim,"ul. Chemików 6
05-100 Nowy Dwór Mazowiecki",Service not available
1171,Powiatowe Centrum Pomocy Rodzinie w Sierpcu,"ul. Świętokrzyska 2a 
09-200 Sierpc",Service not available
1175,Urząd Miasta i Gminy Dobre,"ul. T. Kościuszki 1
05-307 Dobre",Geocoding failed
1176,Powiatowe Centrum Pomocy Rodzinie w Pruszkowie,"ul. Bolesława Prusa 88
 05-800 Pruszków",Service not available
1181,Gminny Ośrodek Pomocy Społecznej w Huszlewie,08-206 Huszlew 77,Geocoding failed
1191,Gminny Ośrodek Pomocy Społecznej w Górznie,08-404 Górzno 131,Geocoding failed
1194,Gminny Ośrodek Pomocy Społecznej w Bielanach,"ul. Słoneczna 2, 08-311 Bielany",Service timed out
1195,Gminny Ośrodek Pomocy Społecznej w Korczewie,"ul. ks. St. Brzóski 20a
 08-108 Korczew",Geocoding failed
1197,Ośrodek Interwencji Kryzysowej w Ostrołęce,"ul. gen. Tadeusza Kościuszki 24/26
 07-410 Ostrołęka",Service not available
1200,Gminny Ośrodek Pomocy Społecznej w Sokołowie Podlaskim,"ul. Lipowa 52
08-300 Sokołów Podlaskim",Service not available
1209,Urząd Gminy Płoniawy-Bramura,"Płoniawy-Bramura 83A
06-210 Płoniawy-Bramura",Service not available
1222,Urząd Gminy Wierzbica,"Wierzbica-Osiedle ul. Włodawska 1
22-150 Wierzbica",Geocoding failed
1224,Gminny Ośrodek Pomocy Społecznej w Przyłęku,"Przyłęk BN 
26-704 Przyłęk",Service not available
1227,Ośrodek Pomocy Społecznej w Legionowie,"ul. Adama Mickiewicza 22A,
05-120 Legionowo",Service not available
1232,Urząd Gminy Wierzbno,"Wierzbno 90
07-111 Wierzbno",Service not available
1235,Urząd Gminy Puszcza Mariańska,"ul. S. Papczyńskiego 1
96-330 Puszcza Mariańska",Geocoding failed
1238,Urząd Gminy Sarnaki,"ul. B. Joselewicza 3 
08-220 Sarnaki",Geocoding failed
1243,Powiatowe Centrum Pomocy Rodzinie w Legionowie,"ul. gen. Wł. Sikorskiego 11
05-119 Legionowo",Geocoding failed
1247,Powiatowe Centrum Pomocy Rodzinie w Grodzisku Mazowieckim,"ul. Żydowska 19
05-825 Grodzisk Mazowiecki",Service not available
1251,Urząd Gminy Krasnosielc,"ul. Rynek 40
06-212 Krasnosielc",Service not available
1255,Urząd Miasta Płońsk,"ul. Św. M. Kolbe 9
09-100 Płońsk",Service timed out
1258,Gminny Punkt Promocji Zdrowia i Profilaktyki w Wyszkowie prowadzony przez Urząd Miejski,"ul. Sowińskiego 80 (parter), Budynek Miejsko-Gminnej Biblioteki publicznaj
07-200 Wyszków",Service not available
1264,Urząd Gminy Ceranów,08-322 Ceranów 140,Geocoding failed
1267,Urząd Gminy Stromiec,"ul. Piaski 4
 26-804 Stromiec",Service timed out
1268,Urząd Gminy Szydłowo,"ul. Mazowiecka 61
06-516 Szydłowo",Service not available
1273,Gminny Ośrodek Pomocy Społecznej w Nowej Suchej,96-513 Nowa Sucha 59A,Service timed out
1298, Gminny Ośrodek Pomocy Społecznej w Starej Błotnicy,26-806 Stara Błotnica 46,Service timed out
1306,Centrum Usług Społecznych w Mławie,"ul. Joachima Lelewela 7
06-500 Mława",Service not available
1307,Gminny Ośrodek Pomocy Społecznej w Zarębach Kościelnych,"ul. Kowalska 14
07-323 Zaręby Kościelne",Service not available
1309,Miejski Ośrodek Pomocy Społecznej w Łaskarzewie,"ul. Rynek Duży 32 (budynek Urzędu Miasta w Łaskarzewie pokój nr 14, 15 i 16) 08-450 Łaskarzew",Geocoding failed
1310,Gminny Ośrodek Pomocy Społecznej w Celestynowie,"ul. Regucka 3
05-430 Celestynów",Service not available
1311,Powiatowe Centrum Pomocy Rodzinie w Sokołowie Podlaskim,"ul. Armii Krajowej 4
08-300 Sokołów Podlaski",Service not available
1312,Powiatowe Centrum Pomocy Rodziniew Żurominie,"Lidzbarska 27 
09-300 Żuromin",Service timed out
1315,Urząd Gminy Krasne,"ul. Adama Mickiewicza 23, 06-408",Service not available
1318,Gminny Ośrodek Pomocy Społecznej w Dzierzgowie,"T. Kościuszki 1
06-520 Dzierzgowo",Geocoding failed
1331,Starostwo Powiatowe w Grodzisku Mazowieckim,"ul. Daleka 11A
05-825 Grodzisk Mazowiecki",Service not available
1332,Gminny Ośrodek Pomocy Społecznej w Domanicach,08-113  Domanice 52,Geocoding failed
1341,Centrum Pomocy Rodzinie w Kluczborku/Powiatowy Ośrodek Interwncji Kryzysowej,"ul. M. Skłodowskiej - Curie 23, 46-203 Kluczbork",Service not available
1356,Gminny Ośrodek Pomocy Społecznej w Lasowicach Wielkich ,46-282 Lasowice Wielkie 99A,Service timed out
1357,Gminny Ośrodek Pomocy Społecznej w Łubnianach,"ul. Opolska 53a, 46-024 Łubniany",Service timed out
1358,Gminny Ośrodek Pomocy Społecznej w Murowie,"u. Wolności 20/1 (obok szkoły), 46 - 030 Murów",Service timed out
1366,Gminny Ośrodek Pomocy Społecznej w Pakosławicach,"Reńska Wieś 1, 48-314 Pakosławice",Service not available
1368,Ośrodek Pomocy Społecznej w Wołczynie,"ul. K. Miarki 12, 46-250 Wołczyn",Service not available
1370,Urząd Miejski w Dobrodzieniu (Punkt Konsultacyjny),"Plac Wolności 1, 46-380 Dobrodzień",Service not available
1377,Centrum Usług Społecznych w Gogolinie,"ul. Plac Dworcowy 2
 47-320 Gogolin",Service not available
1378,Gminny Ośrodek Pomocy Społecznej w Zębowicach,"ul. J. Eichendorffa 2, 46 – 048 Zębowice",Geocoding failed
1382,Ośrodek Pomocy Społecznej w Głubczycach,"ul.Pocztowa 6A, 48-100 Głubczyce",Geocoding failed
1388,Gminny Ośrodek Pomocy Społecznej w Reńskiej Wsi,"ul. Pawłowicka 1, 47-208 Reńska Wieś",Service not available
1395,Powiatowe Centrum Pomocy Rodzinie w Opolu (Ośrodek Interwencji Kryzysowej),"ul. Książąt Opolskich 27, 45-005 Opole",Service timed out
1399,Urząd Miejski w Tułowicach,"ul.Szkolna 1, 49-130 Tułowice",Service not available
1404,Urząd Miejski w Zdzieszowicach,"47-330 Zdzieszowice, ul. Bolesława Chrobrego 34",Geocoding failed
1407,Miejsko-Gminny Ośrodek Pomocy Społecznej w Otmuchowie,"ul. Sienkiewicza 4b, 48-385 Otmuchów",Service timed out
1409,Urząd Gminy i Miasta w Ozimku,"ul. ks. J. Dzierżona 4b, 46-040 Ozimek",Service not available
1419,Starostwo Powiatowe w Tarnobrzegu,"ul. 1 Maja 4, 39-400 Tarnobrzeg",Service not available
1428,Urząd Gminy Adamówka,37-534 Adamówka 97,Service not available
1432,Gminny Ośrodek Pomocy Społecznej w Raniżowie,"ul. Rynek 6
36-130 Raniżów",Service not available
1433,Gminny Ośrodek Pomocy Społecznej w Pruchniku,"ul. Szkolna 12
 37-560 Pruchnik",Service not available
1434,Gminny Ośrodek Pomocy Społecznej w Lutowiskach,38-713 Lutowiska 14,Geocoding failed
1435,Miejsko-Gminny Ośrodek Pomocy Społecznej w Nowej Dębie,"ul. M. Reja 3
39-460 Nowa Dęba",Geocoding failed
1437,Gminny Ośrodek Pomocy Społecznej w Grębowie,"ul. Rynek 7
 39-410 Grębów",Service timed out
1438,Urząd Miasta i Gminy Baranów Sandomierski,"ul. Gen. Leopolda Okulickiego 1
39- 450 Baranów Sandomierski",Service timed out
1444,Gminny Ośrodek Pomocy Społecznej w Wiśniowej,"Niewodna 26
38-124 Wiśniowa",Service not available
1446,Urząd Gminy Pysznica,"ul Wolności 322
37-403 Pysznica",Geocoding failed
1452,Urząd Gminy Tyrawa Wołoska,38-535 Tyrawa Wołoska 175,Geocoding failed
1453,Urząd Gminy Sanok,"ul. Kościuszki 23
 38-500 Sanok",Service timed out
1455,"Punkt Informacyjno-Konsultacyjny
ds. Rozwiązywania Problemów Alkoholowych w Sanoku","ul. J. III Sobieskiego I
 38-500 Sanok",Service not available
1459,Miejski Ośrodek Pomocy Społecznej w Sanoku,"ul. Zaułek Dobrego Wojaka Szwejka 4 (dawny Areszt Śledczy)
38-500 Sanok",Geocoding failed
1466,Miejsko-Gminny Ośrodek Pomocy Społecznej w Błażowej,"ul. 3 Maja 15
 36-030 Błażowa",Service not available
1467,Gminny Ośrodek Pomocy Społecznej w Chmielniku,36-016 Chmielnik 50,Service timed out
1468,Urząd Miejski Dynów,"ul. Rynek 2
 36 - 065 Dynów",Service not available
1474,Miejsko-Gminny Ośrodek Pomocy Społecznej w Sędziszowie Małopolskim,"ul. 3 Maja 25
 39-120 Sędziszów Małopolski",Service not available
1482,Urząd Miasta i Gminy Kańczuga,"ul. M. Konopnickiej 2
37-220 Kańczuga",Geocoding failed
1485,Urząd Gminy Zarzecze,"ul. Długa 7
37-205 Zarzecze",Service not available
1490,Gminny Ośrodek Pomocy Społecznej w Stubnie,37-723 Stubno 69A,Service not available
1494,Gminny Ośrodek Pomocy Społecznej w Krzywczej,37-755 Krzywcza 40,Geocoding failed
1496,Gminny Ośrodek Pomocy Społecznej w Medyce,37-732 Medyka 159,Geocoding failed
1497,Gminny Ośrodek Pomocy Społecznej w Krasiczynie,37-741 Krasiczyn 177,Service not available
1500,Ośrodek Pomocy Społecznej w Rudniku nad Sanem,"ul. Kilińskiego 19 
37-420 Rudnik nad Sanem",Service not available
1501,Ośrodek Pomocy Społecznej w Jarocinie,37-405 Jarocin 113,Service not available
1502,Ośrodek Pomocy Społecznej w Ulanowie,"ul. 3 Maja 19
37-410 Ulanów",Service not available
1504,Ośrodek Pomocy Społecznej w Jeżowych,"Jeżowe 136A
37-430 Jeżowe",Service timed out
1514,Gminny Ośrodek Pomocy Społecznej w Białobrzegach,37-114 Białobrzegi 4A,Service not available
1515,Miejski Ośrodek Pomocy Społecznej w Łańcucie,"ul. Piłsudskiego 9
37-100 Łańcut",Service not available
1519,Urząd Gminy Lubaczów,"ul. Jasna 1
 37-600 Lubaczów",Service not available
1524,Urząd Miasta Lubaczów,"ul. Rynek 26
37-600 Lubaczów",Service not available
1526,Miejski Ośrodek Pomocy Społecznej w Lubaczowie,"ul. Wyszyńskiego 4
37-600 Lubaczów",Service not available
1527,Miejsko-Gminny Ośrodek Pomocy Społecznej w Narolu,"ul. Józefowska 1
37-610-Narol",Geocoding failed
1529,Urząd Miasta i Gminy Sarzyna,"ul.Mikołaja Kopernika 1
 37-310 Nowa Sarzyna",Geocoding failed
1530,Starostwo Powiatowe w Leźajsku,"ul. M. Kopernika 8
37-300 Leżajsk",Geocoding failed
1531,Gminny Ośrodek Pomocy Społecznej w Kuryłówce,37-303 Kuryłówka 114,Service not available
1532,Urząd Gminy Grodzisko Dolne,37-306 Grodzisko Dolne 125a,Service not available
1535,Miejsko-Gminny Ośrodek Pomocy Społecznej w Lesku,"ul. Parkowa 1
38-600 Lesko",Service not available
1537,Specjalistyczny Ośrodek Wsparcia dla Ofiar Przemocy w Rodzinie SOS  w Lesku,"al. Jana Pawła 18
38-600 Lesko",Service not available
1538,Samodzielny Publiczny Gminny Zakład Opieki Zdrowotnej w Jedliczu,"ulica Traugutta 3
 38-460 Jedlicze",Geocoding failed
1539,Gminny Ośrodek Pomocy Społecznej w Jedliczu,"ul. Rynek 5
 38-460 Jedlicze",Service not available
1541,Miejski Ośrodek Pomocy Społecznej w Dukli,"ul. Kościuszki 9
38-450 Dukla",Service not available
1544,Gminny Ośrodek Pomocy Społecznej w Wojaszówce,38-471 Wojaszówka 115,Geocoding failed
1545,Urząd Gminy Wojaszówka,38-471 Wojaszówka 115,Geocoding failed
1547,Gminny Ośrodek Pomocy Społecznej w Jaśliskach,38-485 Jaśliska 171,Geocoding failed
1548,Urząd Gminy Iwonicz Zdrój,"al. Słoneczna 28
 38-440 Iwonicz-Zdrój",Service not available
1559,Gminny Ośrodek Pomocy Społecznej w Brzyskach,38-212  Brzyska 11A,Geocoding failed
1562,Urząd Gminy Krempna,38-232 Krempna 85,Geocoding failed
1567,Gminny Ośrodek Pomocy Społecznej w Wiązownicy,37-522 Wiązownica 15,Geocoding failed
1570,Urząd Gminy Laszki,37-543 Laszki 36,Geocoding failed
1571,Gminny Ośrodek Pomocy Społecznej w Rokietnicy,37-562 Rokietnica 682,Geocoding failed
1572,Urząd Miasta Jarosław,"Rynek 1,
37-500 Jarosław",Service timed out
1574,Urząd Gminy Jarosław,"ul.Piekarska 5
37-500 Jarosław",Geocoding failed
1578,Gminny Ośrodek Pomocy Społecznej w Jodłowej,39-225 Jodłowa 1A,Geocoding failed
1580,Gminny Ośrodek Pomocy Społecznej w Żyrakowie,39-204 Żyraków 137,Service timed out
1583,Gminny Ośrodek Pomocy Społecznej w Dydni,36-204 Dydnia 225,Service not available
1588,Urząd Gminy Czarna,38-710 Czarna Górna 74,Geocoding failed
1589,Starostwo Powiatowe w Ustrzykach Dolnych,"ul Bełska 22
 38-700 Ustrzyki Dolne",Geocoding failed
1593,Gminny Ośrodek Pomocy Społecznej,"ul.Gminna 1
34-371 Ujsoły",Geocoding failed
1595,Gmina Rajcza/Gminny Ośrodek Pomocy Społecznej,"ul. Górska 1
34-370 Rajcza",Service not available
1601,Gminny Ośrodek Pomocy Społecznej,"Las, ul. Zakopiańska 59
34-323 Ślemień",Service timed out
1602,Gminny Ośrodek Pomocy Społecznej,34-332 Koszarawa 17,Service timed out
1636,Gminny Zespół Interdyscyplinarny ds. Przeciwdziałania Przemocy Domowej,"ul. 3 Maja 36B
 44-230 Czerwionka-Leszczyny

ul. Wolności 2A
44-230 Czerwionka-Leszczyny",Geocoding failed
1638,Urząd Miasta,"pl. Jana Pawła II
41-709 Ruda Śląska",Service not available
1645,Miejski Ośrodek Pomocy Społecznej,"ul. Jagodowa15
47-420 Kuźnia Raciborska",Service not available
1646,Ośrodek Pomocy Społecznej ,"ul. Zamkowa 50
47 - 451 Tworków",Service not available
1657,Gminny Ośrodek Pomocy Społecznej,"ul. Żabik 9/6 i 9
43-178 Ornontowice",Geocoding failed
1659,Centrum Usług Społecznych,"ul. kard. Wyszyńskiego 8 
43-173 Łaziska Górne
ul. Energetyków 5
43-170 Łaziska Górne",Geocoding failed
1669,Urząd Gminy,"Zawady, ul.Częstochowska 6
 42-110 Popów",Geocoding failed
1670,Gminny Ośrodek Pomocy Społecznej,"Zawady, ul. Częstochowska 6
 42-110 Popów",Geocoding failed
1674,Miejsko-Gminny Ośrodek Pomocy Społecznej,"ul.Częstochowska 13
42-160 Krzepice",Service not available
1681,Urząd Miejski,"ul. Grunwaldzka 33
43-600 Jaworzno",Service not available
1686,Miejski Ośrodek Pomocy Społecznej,"ul. ks. A. Koziełka 2
44-190 Knurów",Geocoding failed
1689,Urząd Gminy,"ul. Gliwicka 26
44-160 Rudziniec",Service not available
1702,Ośrodek Pomocy Społecznej,"ul. Wolności 126
42-242 Rędziny",Service not available
1704,Urząd Gminy,"Plac Kościuszki 31
 42-265 Dąbrowa Zielona",Service not available
1705,Urząd Gminy,"ul. Gminna 14
42-244 Mstów",Service not available
1709,Gminny Ośrodek Pomocy Społecznej,"ul. Główna 37
 43-419 Hażlach",Service not available
1710,Gminny Ośrodek Pomocy Społecznej,"ul. Katowicka 3
43-426 Dębowiec",Service not available
1716,Ośrodek Interwencji Kryzysowej działający przy MOPR,"ul Wrocławska 46
 41-902 Bytom",Geocoding failed
1719,Urząd Miasta,"ul.Imielińska 81
41-407 Imielin",Service timed out
1720,Miejski Ośrodek Pomocy Społecznej,"ulica Karola Miarki 11
43-300 Bielsko-Biała",Geocoding failed
1724,Urząd Gminy,"ul. Zdrojowa 82
 43-384 Jaworze",Service not available
1728,Ośrodek Pomocy Społecznej,"ul. Wolności 46A
42-460 Mierzęcice",Service not available
1733,Urząd Gminy,"ul. Gminna 8
 42-583 Bobrowniki",Service not available
1736,"Punkt Interwencji Kryzysowej
prowadzony na zlecenie Powiatu Cieszyńskiego przez Stowarzyszenie PrzystańMy","ul. Bielska 92
43-400 Cieszyn",Service not available
1743,Miejski Ośrodek Pomocy Społecznej w Siemianowicach Śląskich,"Szkolna 17, 41-100 Siemianowice Śląskie",Service not available
1748,Urząd Gminy Łodygowice,"Marszałka Józefa Piłsudskiego 75, 34-325 Łodygowice",Geocoding failed
1751,Gminny Ośrodek Pomocy Społecznej w Jeleśni,"Plebańska 5, 34-340 Jeleśnia",Service not available
1752,Gminny Ośrodek Pomocy Społecznej w Lipowej,34-324 Lipowa; 654,Geocoding failed
1756,Powiatowe Centrum Pomocy Rodzinie w Tarnowskich Górach,"H.Sienkiewicza 16, 42-600 Tarnowskie Góry",Geocoding failed
1758,Miejski Ośrodek Pomocy Społecznej w Miasteczku Śląskim,"Staromiejska 8, 42-610 Miasteczko Śląskie",Service not available
1762,Powiatowe Centrum Pomocy Rodzinie w Raciborzu,"Klasztorna 6, 47-400 Racibórz",Service timed out
1763,Powiatowe Centrum Pomocy Rodzinie w Myszkowie,"Partyzantów 21, 42-300 Myszków",Service not available
1767,Gminny Ośrodek Pomocy Społecznej w Buczkowicach,"Lipowska 730, 43-374 Buczkowice",Service not available
1769,Ośrodek Pomocy Społecznej,27-612 Wilczyce 174,Geocoding failed
1775,Urząd Miasta i Gminy,"pl. Kościuszki 7
 26-020 Chmielnik",Service timed out
1793,Urząd Gminy/GOPS,27-423 Bałtów 32,Geocoding failed
1794,Gminny Ośrodek Pomocy Społecznej,"ul. Zamkowa 1A
26-260 Fałków",Service not available
1795,Gmina/Ośrodek Pomocy Społecznej,27-580 Sadowie 131C,Geocoding failed
1800,Gminny Ośrodek Pomocy Społecznej,28-512 Bejsce 252,Geocoding failed
1801,Ośrodek Pomocy Społecznej Miasta i Gminy,"ul. 11 Listopada 113b // ul. Reymonta 12
28-300 Jędrzejów",Geocoding failed
1809,Gminny Ośrodek Pomocy Społecznej,"Masłów Pierwszy ul. Jana Pawła II 5
26-001 Masłów",Geocoding failed
1816,Centrum Usług Społecznych,"ul. Centralna 9
26-080 Mniów",Service timed out
1819,Ośrodek Pomocy Społecznej,27-670 Łoniów 56,Geocoding failed
1827,Urząd Gminy,"ul. Rynek 2
 27-515 Tarłów",Service not available
1831,Starostwo Powiatowe,"ul. H. Sienkiewicza 17
27-500 Opatów",Geocoding failed
1836,Gminny Ośrodek Pomocy Społecznej,28-142 Tuczępy 15,Service timed out
1840,Gminny Ośrodek Pomocy Społecznej,28-350 Słupia 2A,Service not available
1843,Urząd Gminy,"ul. Ogrodowa 1 
ul. Jana Sienieńskiego 20
26-035 Raków",Service not available
1848,Gminny Ośrodek Pomocy Społecznej w Opatowie,"ul. Tadeusza Kościuszki 27
 42-152 Opatów",Service not available
1853,Miejsko-Gminny Ośrodek Pomocy Społecznej,"pl. M.Skłodowskiej Curie 23
28-530 Skalbmierz",Geocoding failed
1860,Urząd Gminy,27-532 Wojciechowice 50,Geocoding failed
1863,Urząd Gminy,29-130 Moskorzew 42,Geocoding failed
1866,Gminny Ośrodek Pomocy Społecznej w Kijach,"ul.Szkolna 19/1
 28-404 Kije",Service not available
1871,Ośrodek Pomocy Społecznej,27-532 Wojciechowice 50,Service not available
1876,Powiatowe Centrum Pomocy Rodzinie,"ul. T. Kościuszki 12
28-500 Kazimierza Wielka",Geocoding failed
1877,Urząd Gminy,"ul. Partyzantów 17
 26-004 Bieliny",Service timed out
1881,Miejski Ośrodek Pomocy Rodzinie,"ul. Studzienna 2
25–544 Kielce",Service not available
1884,Gminny Ośrodek Pomocy Społecznej w Ełku,"ul. T.Kościuszki 28A 
 19-300 Ełk",Service not available
1889,Gminny Ośrodek Pomocy Społecznej w Dywitach ,"Tuławki 10A
11-001 Tuławki",Geocoding failed
1891, Miejski Ośrodek Pomocy Społecznej ,"ul. Dworcowa 9
14-300 Morąg",Service not available
1894,Urząd Gminy Lubawa,"Fijewo 73
14-260 Fijewo",Service not available
1900,Miejski Ośrodek Pomocy Społecznej,"ul. Olsztyńska 2
 14-100 Ostróda",Service not available
1902,Gminny Ośrodek Pomocy Społecznej ,"ul.Olsztyńska 16A
11-731 Sorkwity",Geocoding failed
1904,Miejsko-Gminny Ośrodek Pomocy Społecznej,"ul. Siekiewicza 2 
14-520 Pieniężno",Geocoding failed
1906,Miejski Ośrodek Pomocy Społecznej,"ul. O.Wł.Włodyki 20A
14-310 Miłakowo",Geocoding failed
1915,Gminny Ośrodek Pomocy Społecznej,"ul. Lipowa 16
19-404 Wieliczki",Service not available
1916,Gminny Ośrodek Pomocy Społecznej,"ul. Krasickiego 1
11-100 Lidzbark Warmiński",Service not available
1918,Urząd Gminy,13-324 Grodziczno 17A,Geocoding failed
1922,Gminny Ośrodek Pomocy Społecznej ,11-008 Świątki 87,Geocoding failed
1924,Urząd Gminy,"ul. Mazurska 11
 19-314 Kalinowo",Service not available
1925,Gminny Ośrodek Pomocy Społecznej,"ul. Olsztyńska 3
11-034 Stawiguda",Service not available
1930,Gminny Ośrodek Pomocy Społecznej ,11-311 Kolno 38,Service not available
1934,Urząd Gminy,"ul. Wyzwolenia 5
13-240 Iłowo-Osada",Service not available
1935,Urząd Gminy,"pl. Rynek 1/1
11-510 Wydminy",Service not available
1944,Miejski Ośrodek Pomocy Społecznej,"ul. Akacjowa 7
11-100 Lidzbark Warmiński",Service not available
1947,Starostwo Powiatowe w Iławie,"ul. gen. W. Andersa 2a
 14-202 Iława",Geocoding failed
1952,Gminny Ośrodek Pomocy Społecznej,"Wielbarska 2
12-114 Rozogi",Service not available
1957, Gminny Ośrodek Pomocy Społecznej,82-325 Markusy 81,Geocoding failed
1959,Urząd Gminy,"ul. Rynek 24
 11-440 Reszel",Service not available
1960,Gminny Ośrodek Pomocy Społecznej,14-521 Lelkowo 15,Geocoding failed
1965,Urząd Gminy,"ul. Częstochowska 8
 14-230 Zalewo",Service not available
1968,Urząd Miejski,"pl. Mickiewicza 25
12-230 Biała Piska",Service not available
1978,Urząd Gminy,"ul. Przasnyska 14
13-113 Janowo",Service not available
1988,Urząd Miejski w Nidzicy,"plac Wolności 1
13-100 Nidzica",Service not available
1998,Powiatowe Centrum Pomocy Rodzinie,"ul. Piaskowa 2
 12-200 Pisz",Service not available
2000,Gminny Ośrodek Pomocy Społecznej,"ul. Kopernika 13 B
 14-1330 Małdyty",Service not available
2002,Urząd Gminy,"ul. Kościuszki 17
 11-220 Górowo Iławeckie",Service not available
2003,Urząd Miejski,"ul. Daszyńskiego 5
14-220 Kisielice",Service not available
2009,Powiatowe Centrum Pomocy Rodzinie,"ul Warszawska 53
 11-700 Mrągowo",Service timed out
2012,Gminny Ośrodek Pomocy Społecznej Grunwald z siedzibą w Gierzwałdzie,14-107 Gierzwałd 7,Geocoding failed
2016,"Miejskie Centrum Interwencji Kryzysowej w Poznaniu (Specjalistyczny Ośrodek Wsparcia i Interwencji Kryzysowej, Punkt Interwencji Kryzysowej w Poznaniu)","SOW ul. Dolne Chyby nr 10, 61-480 Poznań PIK ul. Pamiątkowa nr 28, 61-505 Poznań",Service not available
2017,Miejsko-Gminny Ośrodek Pomocy Społecznej w Kleczewie,"ul. Strażacka 1, 62-540 Kleczew",Service not available
2022,Dom “Pomocna Dłoń” - Ośrodek Interwencji Kryzysowej w Błońsku,"Błońsko 37a, 64-308 Jabłonna",Geocoding failed
2024,Miejski Ośrodek Pomocy Społecznej w Pile,"ul. Kwiatowa 5, 64-920 Piła",Service not available
2028,Powiatowe Centrum Pomocy Rodzinie w Krotoszynie (Ośrodek Interwencji Kryzysowej),"os. Sikorskiego 7 (budynek Żłobka)
 63-700 Krotoszyn",Service not available
2058,Urząd Gminy i Miasta w Rychwale/Centrum Usług Społecznych,"Plac Wolności 16, 62-570 Rychwał (CUS) ul. Sportowa 11, 62-570 Rychwał",Geocoding failed
2071,Urząd Gminy Kołaczkowo,"Plac Reymonta 3, 62-306 Kołaczkowo",Service not available
2074,Centrum Usług Społecznych w Swarzędzu,"ul. Poznańska 25, 62-020 Swarzędz",Service not available
2079,Gminny Ośrodek Pomocy Społecznej w Rzgowie,"ul. Konińska 6 ( I piętro )
Rzgów 62-586",Geocoding failed
2083,Gminny Ośrodek Pomocy Społecznej w Opatówku,"ul. Plac Wolności 18, 62-860 Opatówek","value too long for type character varying(100)
"
2084,Gminny Ośrodek Pomocy Społecznej w Kole (Zespół Interdyscyplinarny),"ul. Toruńska 83, 62-600 Koło",Service not available
2085,Ośrodek Pomocy Społecznej w Śmiglu,"ul. Kościańska 1, 64-030 Śmigiel",Service not available
2095,Ośrodek Pomocy Społecznej w Skokach,"ul. Ciastowicza 11, 62-085 Skoki",Service not available
2100,Ośrodek Pomocy Społecznej w Tarnowie Podgórnym,"ul. Poznańska 94 (budynek C, I piętro), 62-080 Tarnowo Podgórne",Geocoding failed
2106,Urząd Gminy Rakoniewice,"Osiedle Parkowe 1, 62-067 Rakoniewice",Service not available
2107,Powiatowe Centrum Pomocy Rodzinie w Turku (Punkt Interwencji Kryzysowej) ,"ul. Łąkowa 1, 62-700 Turek, pok. nr 5",Geocoding failed
2117,Urząd Miejski Kobylin,"Rynek Marszałka J. Piłsudskiego 1
63-740 Kobylin",Service not available
2120,Gminny Ośrodek Pomocy Społecznej w Zakrzewie,"ul. W. Szczepańskiego 4, 77-424 Zakrzewo",Service not available
2123,Gminny Ośrodek Pomocy Społecznej w Cekowie-Kolonii,"Ceków-Kolonia 51
62-834 Ceków",Service not available
2126,Miejsko-Gminny Ośrodek Pomocy Społecznej w Osiecznej,"ul. Powstańcow Wielkopolskich 6
64-113 Osieczna",Service not available
2127,Urząd Miasta i Gmina Ostroróg,"Wroniecka 14, 64-560 Ostroróg",Service not available
2128,Gminny Ośrodek Pomocy Społecznej w Trzcinicy,"ul. Jana Pawła II 47 A, 63-620 Trzcinica",Service timed out
2131,Gminny Ośrodek Pomocy Społecznej w Połajewie,"ul. Obornicka 6, 64-710 Połajewo",Service not available
2133,Ośrodek Pomocy Społecznej w Kostrzynie,"ul. Braci Drzewieckich 1, 62-025 Kostrzyn",Service timed out
2138,Gminny Ośrodek Pomocy Społecznej w Budzyniu,"ul. Lipowa 1, 64-840 Budzyń",Service not available
2143,Miejsko-Gminny Ośrodek Pomocy Społecznej w Wysokiej,"Pl. Powstańców Wielkopolskich 20 / 21, 89-320 Wysoka",Service timed out
2144,Ośrodek Pomocy Społecznej w Wielichowie,"ul. Pocztowa 16a, 64-050 Wielichowo",Service not available
2155,Miejski Ośrodek Pomocy Społecznej w Golinie,"Kazimierza Wielkiego 10, 62 – 590 Golina",Service not available
2162,Gminny Ośrodek Pomocy Społecznej w Kołaczkowie,"pl. Plac Władysława Reymonta 3
62-306 Kołaczkowo",Service not available
2163,Miejsko-Gminny śsrodek Pomocy Społecznej w Odolanowie,"ul. Gimnazjalna 8c, 63-430 Odolanów",Service not available
2164,Powiatowe Centrum Pomocy Rodzinie w Ostrowie Wielkopolskim,"Aleje Słowackiego 1c
63-400 Ostrów Wielkopolski",Geocoding failed
2168,Ośrodek Pomocy Społecznej w Miejskiej Górce,"ul. Rynek 33, 63-910 Miejska Górka",Service not available
2171,Urząd Gminy Czermin,63-304 Czermin 47,Geocoding failed
2173,Gminny Ośrodek Pomocy Społecznej w Osieku Małym (Zespół Interdyscyplinarny),"ul.Główna 6, 62-613 Osiek Mały",Geocoding failed
2177,Powiatowe Centrum Pomocy Rodzinie w Ostrzeszowie (Powiatowy Ośrodek Interwencji Kryzysowej),"ul. Zamkowa 17, 63-500 Ostrzeszów",Service not available
2178,Urząd Gminy Grzegorzew,"Plac 1000-lecia Państwa Polskiego 1, 62-640 Grzegorzew",Geocoding failed
2179,Powiatowe Centrum Pomocy Rodzinie w Gostyniu (Ośrodek Wsparcia dla Ofiar Przemocy Domowej),"Wrocławska 8/202, 63-800 Gostyń",Service not available
2193,Gminny Ośrodek Pomocy Społecznej w Łęce Opatowskiej,"ul. Akacjowa 4, 63-645 Łęka Opatowska",Service not available
2197,Miejsko-Gminny Ośrodek Pomocy Społecznej w Ostrzeszowie,"ul.Zamkowa 31
63-500 Ostrzeszów",Geocoding failed
2200,Gminny Ośrodek Pomocy Społecznej w Grzegorzewie,"Plac 1000-lecia Państwa Polskiego 6,
62-640 Grzegorzew",Geocoding failed
2207,Miejsko-Gminny Ośrodek Pomocy Społecznej w Grabowie nad Prosną,"ul. Kaliska 22, 63-520 Grabów nad Prosną",Service not available
2211,Urząd Gminy Wierzbinek,"Plac Powstańców Styczniowych 110,                        62-619 Sadlno",Geocoding failed
2223,Urząd Miejski Trzemeszna,"ul. Dąbrowskiego 2, 62-240 Trzemeszno",Service not available
2224,Urząd Gminy Pępowo,"ul. St. Nadstawek 6, 63-830 Pępowo",Geocoding failed
2233,Urząd Miejski Sompolno,"ul. 11 Listopada 15, 62-610 Sompolno",Service not available
2234,Urząd Gminy Wilczyn,"ul. Strzelińska 12D, 62-550 Wilczyn",Service not available
2235,Urząd Gminy Osieczna,"ul. Powstańców Wlkp. 6, 64-113 Osieczna",Service not available
2241,Urząd Miasta i Gminy Gołańcz,"ul. dra Piotra Kowalika 2, 62-130 Gołańcz",Service not available
2244,Punkt Konsultacyjny Gminnej Komisji Rozwiązywania Problemów Alkoholowych w Gminie Drawsko,"Ośrodek Promocji Zdrowia, ul. Powstańców Wlkp. 121C (budynek świetlicy wiejskiej)",Geocoding failed
2245,Starostwo Powiatowe w Czarnkowie,"ul. Rybaki 3, 64-700 Czarnków",Service timed out
2247,Krotoszyńskie Centrum Usług Społecznych,"ul.Kobylińska 10a, 63-700 Krotoszyn",Geocoding failed
2250,Gminny Ośrodek Pomocy Społecznej w Kościelcu (Zespół Interdyscyplinarny),"ul. Turecka 7/3, 62 - 604 Kościelec",Service not available
2266,Gminny Ośrodek Pomocy Społecznej w Brudzewie,"ul. Turkowska 29
62 - 720 Brudzew",Service not available
2268,Gminny Ośrodek Pomocy Społecznej w Rozdrażewie,"ul . Krotoszyńska 9, 63 - 708 Rozdrażew",Geocoding failed
2270,Gminny Ośrodek Pomocy Społecznej w Kotlinie,"ul. Poznańska 22, 63-220 Kotlin",Service timed out
2277,Powiatowe Centrum Pomocy Rodzinie w Pleszewie (Ośrodek Interwencji Kryzysowej),"ul. Wyspiańskiego 6, 63-300 Pleszew",Service not available
2278,Miejski Ośrodek Pomocy Społecznej w Sulmierzycach,"ul. Rynek 12, 63-750 Sulmierzyce",Service not available
2281,Gminny Ośrodek Pomocy Społecznej w Dobrzycy,"ul. Rynek 15, 63 - 330 Dobrzyca",Service not available
2285,Urząd Gminy Mycielin z/s w Słuszkowie (Punkt Konsultacyjny),"Słuszków 27, 62 - 831 Korzeniew",Service not available
2286,Miejski Ośrodek Pomocy Społecznej w Dąbiu,"ul. Kardynała Stefana Wyszyńskiego 5/1, 62-660 Dąbie",Service not available
2289,Centrum Usług Społecznych w Śremie,"ul. Stefana Grota Roweckiego 31
63-100 Śrem",Service not available
2290,Ośrodek Pomocy Społecznej w Zaniemyślu z siedzibą w Łęknie,"ul. Poznańska 12B, 63-020 Łękno",Service not available
2294,Gminny Ośrodek Pomocy Społecznej w Wierzbinku,"Plac Powstańców Styczniowych 110
62-619 Sadlno",Geocoding failed
2302,Gminny Ośrodek Pomocy Społecznej w Wejherowie,"Osiedle Przyjaźni 6, 84-200 Wejherowo",Service not available
2303,Powiatowe Centrum Pomocy Rodzinie w Wejherowie,"ul. Sobieskiego 279 A, 84-200 Wejherowo",Service not available
2322,Miejsko-Gminny Ośrodek Pomocy Społecznej w Nowym Dworze Gdańskim,"ul. Plac Wolości 26, 82-100 Nowy Dwór Gdański",Geocoding failed
2328,Ośrodek Pomocy Społecznej w Starej Kiszewie,"ul. Ogrodowa 1, Stara Kiszewa 83-430",Service not available
2335,Gminny Ośrodek Pomocy Społecznej w Konarzynach,"ul. Szkolna 7, 89-607 Konarzyny",Service not available
2340,Gminny Ośrodek Pomocy Społecznej w Choczewie,"ul. Kusocińskiego 5, 84-210 Choczewo",Service not available
2342,Miejski Ośrodek Pomocy Społecznej w Wejherowie,"ul. Kusocińskiego 17, 84-200 Wejherowo",Service not available
2348,Gminny Ośrodek Pomocy Społecznej w Tczewie z siedzibą w Gniszewie,"Gniszewo, ul. Parkowa 7, 83-110 Tczew",Geocoding failed
2349,Miejski Ośrodek Pomocy Społecznej w Tczewie(Zespół Interdyscyplinarny),"ul. 1 Maja 8, 83-110 Tczew ZI ul. Łazienna 5, 83-110 Tczew",Geocoding failed
2353,Urząd Gminy w Starym Dzierzgoniu,"ul. Stary Dzierzgoń 71,
82-450 Stary Dzierzgoń",Service timed out
2356,Urząd Miasta Starogard Gdański                                                     SPZOZ Centrum Zdrowia Psychicznego i Leczenia Uzależnień  w Starogardzie Gdańskim,"ul. Gdańska 6, 83-200 Starogard Gdański      ul. Fryderyka Chopina 9, 83-200 Starogard Gdański",Geocoding failed
2366,Urząd Gminy Smołdzino,"ul. Kościuszki 3, 76-214 Smołdzino",Service timed out
2369,Gminny Ośrodek Pomocy Społecznej w Damnicy,"ul. Górna 8, 76-231 Damnica",Service not available
2378,Miejski Ośrodek Pomocy Społecznej w Krynicy Morskiej,"ul. Górników 15a, 82-120 Krynica Morska",Service not available
2380,Gminny Ośrodek Pomocy Społecznej w Sztutowie,"ul. Gdańska 55, 82-110 Sztutowo",Service not available
2383,Miejski Ośrodek Pomocy Społecznej w Sopocie (Punkt Interwencji Kryzysowej ),"MOPS - ul. Kolejowa 14, 81-835 Sopot PIK - al. Niepodległości 876",Geocoding failed
2393,Miejski Ośrodek Pomocy Społecznej w Lęborku,"ul. Wyszyńskiego 3, 84-300 Lębork",Service timed out
2403,Gminny Ośrodek Pomocy Społecznej w Kwidzynie,"ul. 11-go Listopada 27/4, 82-500 Kwidzyn",Geocoding failed
2406,Powiatowe Centrum Pomocy Rodzinie w Kościerzynie (Punkt Interwencji Kryzysowej),"ul. Krasickiego 4, 83-400 Kościerzyna (PCPR, pokój nr 13)",Geocoding failed
2407,Ośrodek Pomocy Społecznej w Nowej Karczmie,"ul. Gdańska 6, 83-404 Nowa Karczma",Service not available
2412,Gminny Ośrodek Pomocy Społecznej w Żukowie,"ul. Prusa 49, 83-330 Żukowo",Service not available
2415,Gminny Ośrodek Pomocy Społecznej w Pruszczu Gdańskim z siedzibą w Cieplewie,"Cieplewo, Długa 20/A
83-031 Łęgowo",Geocoding failed
2416,Gminny Ośrodek Pomocy Społecznej w Pszczółkach,"ul. Pomorska 18, 83-032 Pszczółki",Service not available
2418,Gminny Ośrodek Pomocy Społecznej w Kowalu,"ul. Piwna 33, 87-820 Kowal",Service not available
2419,Gminny Ośrodek Pomocy Społecznej w Cedrach Wielkich ,"ul. M. Płażyńskiego 16, 83-020 Cedry Wielkie",Service timed out
2441,Gminny Ośrodek Pomocy Społecznej w Kołczygłowach,"ul. Słupska 56, 77-140 Kołczygłowy",Service not available
2447,Gminny Ośrodek Pomocy Społecznej w Drużbicach,97-403 Drużbice 20 B,Geocoding failed
2449,Gminny Ośrodek Pomocy Społecznej w Zdunach,99-440 Zduny 1C,Geocoding failed
2450,Urząd Gminy Maków,"ul. Akacjowa 2A
96-124 Maków",Service timed out
2454,Gminny Ośrodek Pomocy Społecznej w Skierniewicach,"Reymonta 23 
96-100 Skierniewice",Service timed out
2459,Powiatowe Centrum Pomocy Rodzinie w Pabianicach,"ul.Traugutta 6A
 95-200 Pabianice",Geocoding failed
2471,Gminny Ośrodek Pomocy Społecznej w Strzelcach,"ul. Leśna 1
 99-307 Strzelce",Service timed out
2475,Miejski Ośrodek Pomocy Społecznej w Warcie,"ul. kpt. St. Skarżyńskiego 12
98-290 Warta",Service timed out
2476,Gminny Ośrodek Pomocy Społecznej w Pątnowie,98-335 Pątnów 48,Geocoding failed
2480,Urząd Gminy Wróblew,98-285 Wróblew 15,Geocoding failed
2484,Gminny Ośrodek Pomocy Społecznej w Lipcach Reymontowskich,"ul. Reymonta 24
96-127 Lipce Reymontowskie",Service not available
2485,Miejsko-Gminny Ośrodek Pomocy Społecznej w Konstantynowie Łódzkim,"ul. J. Słowackiego 11
95-050 Konstantynów Łódzki",Geocoding failed
2486,Miejsko Gminny Ośrodek Pomocy Społecznej w Szadku,"Warszawska 7
98-240 Szadek",Service not available
2487,Urząd Gminy Góra Świętej Małgorzaty,99-122 Góra Świętej Małgorzaty 44,Service not available
2497,Gminny Ośrodek Pomocy Społecznej w Konopnicy,"ul. Rynek 15
98-313 Konopnica",Service timed out
2501,Gminny Ośrodek Pomocy Społecznej w Wodzieradach,"Kwiatkowice
ul. Szkolna nr 17
98-105 Wodzierady",Geocoding failed
2504,Gminny Ośrodek Pomocy Społecznej w Grabicy,97-306 Grabica 55,Geocoding failed
2507,Gminny Ośrodek Pomocy Społecznej w Łowiczu,"ul. Długa 12
99-400 Łowicz",Service not available
2514,Gminny Ośrodek Pomocy Społecznej w Słupii,28-350 Słupia 2A,Geocoding failed
2519,Urząd Miasta Ozorków,"ul. Pilota Stanisława Wigury 1
95-035 Ozorków",Service not available
2520,Urząd Gminy Daszyna,99-107 Daszyna 34A,Geocoding failed
2521,Gminny Ośrodek Pomocy Społecznej w Brójcach,95-006 Brójce 39,Geocoding failed
2524,Miejski Ośrodek Pomocy Społecznej w Brzezinach,"ul. Św. Anny 57
95-060 Brzeziny",Service not available
2529,Urząd Gminy Żychlin,"ul. Barlickiego 15
99-320 Żychlin",Service timed out
2533,Urząd Gminy Widawa,"ul. Rynek Kościuszki 10,
98-170 Widawa",Service timed out
2538,Starostwo Powiatowe w Tomaszowie Mazowieckim,"ul. Św. Antoniego 41
97-200 Tomaszów Mazowiecki",Service not available
2540,Miejski Ośrodek Pomocy Społecznej w Tomaszowie Mazowieckim,"ul. Cekanowska 5
 97-200 Tomaszów Mazowiecki",Service not available
2541,Gminny Ośrodek Pomocy Społecznej w Czarnożyłach,98-310 Czarnożyły 48,Geocoding failed
2543,Miejsko-Gminny Ośrodek Pomocy Społecznej w Bolimowie,"ul. Łowicka 9
99 - 417 Bolimów",Service not available
2545,Miejsko-Gminny Ośrodek Pomocy Społecznej w Żarnowie,"ul. Opoczyńska 5
26 - 330 Żarnów",Service not available
2546,Gminny Ośrodek Pomocy Społecznej w Nieborowie,"al. Legionów Polskich 26 
99-416 Nieborów",Service not available
2547,Gminny Ośrodek Pomocy Społecznej w Regnowie,96-232 Regnów 95,Geocoding failed
2548,Gminny Ośrodek Pomocy Społecznej w Masłowicach,97-515 Masłowice 84 A,Geocoding failed
2549,Urząd Gminy Sadkowice,96-206 Sadkowice 129A,Geocoding failed
2556,Miejski Ośrodek Pomocy Społecznej w Rawie Mazowieckiej,"ul. Krakowska 22a
96-200 Rawa Mazowiecka",Service timed out
2571,Starostwo Powiatowe w Łasku,"ul. Południowa 1
98-100 Łask",Service not available
2580,Miejski Ośrodek Pomocy Rodzinie w Skierniewicach,"Al. Niepodległości 4, 96-100 Skierniewice",Service timed out
2586,Gminny Ośrodek Pomocy Społecznej w Łaniętach,99-306 Łanięta 15F,Service timed out
2588,Gminny Ośrodek Pomocy Społecznej w Nowej Brzeźnicy,"ul.Kościuszki 103
98-331 Nowa Brzeźnica",Service not available
2593,Urząd Gminy Nowy Kawęczyn,96-115 Nowy Kawęczyn 32,Geocoding failed
2594,Urząd Miasta Tomaszów Mazowiecki,"ul. P.O.W. 10/16
97-200 Tomaszów Mazowiecki",Service not available
2595,Gminny Ośrodek Pomocy Społecznejw Ostrówku,98-311 Ostrówek 115,Geocoding failed
2596,Miejsko - Gminny Ośrodek Pomocy Społecznej w Krośniewicach,"ul. Poznańska15
 99-340 Krośniewice",Geocoding failed
2598,Gminny Ośrodek Pomocy Społecznej w Nowym Kawęczynie,96-115 Nowy Kawęczyn 32,Service timed out
2599,Urząd Gminy w Budziszewicach,"ul. J. Ch. Paska 66, 97-212 Budziszewice",Geocoding failed
2601,Gminny Ośrodek Pomocy Społecznej w Świnicach Warckich,"ul. Szkolna 1
99-140 Świnice Warckie",Service not available
2602,Gminny Ośrodek Pomocy Społecznej w Łęczycy,"ul. Przedrynek 2
 99-100 Łęczyca",Service not available
2604,Urząd Miasta Przedbórz,"ul. Mostowa 29
97-570 Przedbórz",Service not available
2606,Gminny Ośrodek Pomocy Społecznej w Kutnie,"ul. Wincentego Witosa 1
 99-300 Kutno",Service not available
2610,Gminny Ośrodek Pomocy Społecznej w Mokrsku,98-345 Mokrsko 233,Geocoding failed
2611,Urząd Gminy w Brąszewicach,"ul. Sieradzka 98, 98-277 Brąszewice",Service not available
2618,Ośrodek Interwencji Kryzysowej w Opocznie,"ul. Biernackiego 18B
 26-300 Opoczno",Service not available
2619,Gminny Ośrodek Pomocy Społecznej w Kowiesach,96-111 Kowiesy 86,Geocoding failed
2625,Powiatowe Centrum Pomocy Rodzinie w Stargardzie,"ul. Skarbowa 1, 73 - 110 Stargard",Service not available
2637,Miejsko-Gminny Ośrodek Pomocy Społecznej w Czaplinku,"ul. Pławieńska 3, 78-440 Czaplinek",Service not available
2638,Miejsko-Gminny Ośrodek Pomocy Społecznej w Połczynie-Zdroju,"ul. Koszalińska 8A
78-320 Połczyn - Zdrój",Service not available
2645,Miejski Ośrodek Pomocy Rodzinie w Świnoujściu (Specjalistyczny Ośrodek Wsparcia dla Osób Doznających Przemocy Domowej),"ul. Dąbrowskiego 4, 72-600 Świnoujście II piętro, pokój numer 202, 203A",Service timed out
2654,Ośrodek Pomocy Społecznej w Warnicach,"Warnice 66, 74-201 Warnice",Service not available
2656,Ośrodek Pomocy Społecznej w Kamieniu Pomorskim,"ul. Kopernika 26, 72-400 Kamień Pomorski",Service not available
2659,Ośrodek Pomocy Społecznej w Dobrzanach,"ul.Staszica 1, 73-130 Dobrzany",Geocoding failed
2664,Ośrodek Pomocy Społecznej w Trzebiatowie (Punkt Informacyjno - Konsultacyjny),"ul. Daszyńskiego 26, 72-320 Trzebiatów",Service timed out
2667,Urząd Miejski w Sławnie,"ul. Marie Curie-Skłodowskiej 9, 76-100 Sławno",Service not available
2670,Ośrodek Pomocy Społecznej w Pyrzycach,"Plac Ratuszowy 1, 74-200 Pyrzyce",Service timed out
2685,Urząd Miasta i Gminy w Stepnicy (Punkcie Konsultacyjnym Gminnej Komisji Rozwiazywania Problemów Alkoholowych),"ul. T. Kościuszki 4, 72-112 Stepnica",Geocoding failed
2688,Miejsko-Gminny Ośrodek Pomocy Społecznej w Choszcznie,"ul. Wolności 41, 73-200 Choszczno",Service timed out
2697,Gminy Ośrodek Pomocy Społecznej w Tychowie (Zespół Interdyscyplinarny ds. Przeciwdziałania Przemocy w Rodzinie),"ul . Wolności 7, 78-220 Tychowo",Geocoding failed
2703,Ośrodek Pomocy Społecznej w Lipianach,"ul. Myśliborska 3 (budynek SPZOZ)
 74 – 240 Lipiany",Geocoding failed
2709,Miejski Ośrodek Pomocy Społecznej w Białogardzie,"ul. Krótka 1, 78-200 Białogard",Service not available
2710,Ośrodek Pomocy Społecznej w Biesiekierzu,76-039 Biesiekierz 13,Geocoding failed
2715,Urząd Miejski w Dębnie,"ul. Marszałka Józefa Piłsudskiego 5,
74 - 400 Dębno",Service not available
2718,Ośrodek Pomocy Społecznej w Międzyzdrojach,"ul. Plac Ratuszowy 1, 72-500 Międzyzdroje",Service not available
2719,Ośrodek Pomocy Społecznej w Policach                                     (Zespół Interdyscyplinarny ds. Przeciwdziałania Przemocy Domowej),"ul. Siedlecka 2a, 72-010 Police",Service not available
2722,Miejsko - Gminny Ośrodek Pomocy Społecznej w Polanowie,"ul. Wolności 7, 76-010 Polanów",Service not available
2724,Miejski Ośrodek Pomocy Społecznej w Wałczu,"ul. Nowomiejska 4, 78-600 Wałcz",Service not available
2733,Powiatowe Centrum Pomocy Rodzinie w Drawsku Pomorskim,"ul. Józefa Piłsudskiego 20, 78-500 Drawsko Pomorskie",Service not available
2736,Urząd Bminy w Biesiekierzu,76-039 Biesiekierz 103,Geocoding failed
2737,Urząd Gminy Będzino,76-037 Będzino 19,Geocoding failed
2743,Urząd Gminy i Miasta Ińsko,"ul. Boh. Warszawy 38, 73-140 Ińsko",Geocoding failed
2750,Urząd Gminy Siemyśl,"ul. Kołobrzeska 14, 78-123 Siemyśl","value too long for type character varying(100)
"
2752,Urząd Gminy Kołobrzeg,ul.Trzebiatowska 48a 78-100 Kołobrzeg,Geocoding failed
2761,Stowarzyszenie Nadzieja,Pieszycka 32 50-537 Wrocław,Service not available
2762,Stowarzyszenie dla Dzieci i Młodziezy SZANSA,ul.Perseusza 13 67-200 Głogów,Geocoding failed
2763,Fajne Babki,ul. księcia Józefa Poniatowskiego 18/27,Service timed out
2764,Stowarzyszenie Kultura Równości,ul. Kniaziewicza 28/2 50-455 Wrocław,Service timed out
2765,Stowarzyszenie Misja Dworcowa,"Kard. B. Kominka 3/5, 50-329 Wrocław",Geocoding failed
2767,Specjalistyczny Ośrodek Wsparcia dla Ofiar Przemocy w Rodzinie Stowarzyszenie Pomocy “Akson”,"Gen.T. Bora Komorowskiego 31, 51-210 Wrocław",Geocoding failed
2772,Centrum Praw Kobiet,"Ruska 46B/312, 50-079 Wrocław",Geocoding failed
2775,"Fundacja ""Dajmy Szansę""","ul. Piłsudskiego 95, 50-016 Wrocław",Service timed out
2780,Fundacja Daruma,ul.Bednarska 19/8 54-153 Wrocław,Geocoding failed
2781,"Fundacja ""Raduga""","ul. Grodzka 76, 59-220 Legnica",Service not available
2785,Fundacja Nie Tylko Matka Polka ,"Głowackiego 44 lok. 13, 87-100 Toruń",Geocoding failed
2798,Lokalny Punkt Pomocy Pokrzywdzonym Przestępstwem Rypin	,"ul. Warszawska 40, pokój 104, 87-500 Rypin",Geocoding failed
2803,Lokalny Punkt Pomocy Pokrzywdzonym Przestępstwem w Grudziądzu,"ul. Chełmińska 97 (budynek Caritas), 86-300 Grudziądz",Geocoding failed
2807,"Lubuski Ruch na Rzecz Kobiet i Rodziny ""Żar""","ul. Wrocławska 5, 68-200 Żary",Service not available
2808,Stowarzyszenie Twoja Rodzina,"Aleja Wojska Polskiego 116G, 65-762 Zieloina Góra",Geocoding failed
2809,Fundacja Spełnienie ,"67-300 Szprotawa,  ul.B.Prusa 7/3",Geocoding failed
2812,Koło Żarskie Towarzystwa Pomocy im. św. Brata Alberta,"68-200 Żary, ul. św. Brata Alberta 4",Service not available
2823,Stowarzyszenie Integracji Rodzin PRZYSTAŃ,"Ogrodowa 46, 22-100 Chełm",Service not available
2826,Fundacja Wsparcia Psychospołecznego,"ul. 28. Pułku Strzelców Kaniowskich 71, 90-558 Łódź",Service not available
2827,Okręgowy Ośrodek Pomocy Pokrzywdzonym Przestępstwem w Łodzi,"Plac Komuny Paryskiej 5A, lok. 507 i 509, 90-113 Łódź",Geocoding failed
2828,Stowarzyszenie Patria et Lex,"Plac Wolności 14 lok.24, 99-300 Kutno",Service not available
2830,Lokalny Punkt Pomocy Pokrzywdzonym Przestępstwem w Kutnie,"Plac Wolności 14 lok. 24, 99-300 Kutno",Geocoding failed
2833,Lokalny Punkt Pomocy Pokrzywdzonym Przestępstwem w Pabianicach,"ul. Traugutta 2, 95-200 Pabianice",Service not available
2836,Lokalny Punkt Pomocy Pokrzywdzonym Przestępstwem w Koluszkach,"ul. 11-go Listopada 41 nr 5, 95-040 Koluszki",Geocoding failed
2838,Stowarzyszenie „Trzeba Działać”,"ul. Franciszkańska 38/35, 91-815 Łódź",Service not available
2842,"Subvenio, Fundacja Interwencji Kryzysowej i Pomocy Psychologicznej",Al. T. Kościuszki 106/116 lok. 1U,Geocoding failed
2843,Centrum Diagnozy i Terapii Kotwica ,Pl.Kosciuszki 6a 99-200 Poddębice,Service timed out
2846,SWPA Pałacyk,Al. 3-go Maja 31 Piotrków Trybunalski,Geocoding failed
2849,Profilaktyczno - Rozwojowy Ośrodek Młodzieży i Dzieci PROM,"ul. S. Jaracza 40, 90-525 Łódź",Service not available
2851,Stowarzyszenie Łódzkie Dziewuchy Dziewuchom,"ul. Kpt. Pilota Żwirki 1C lok. 4D, 90-448 Łódź",Geocoding failed
2854,Fundacja Embrace,"ul. Grzegórzecka 67D/106, 31-559 Kraków",Geocoding failed
2857,Przejście – Stowarzyszenie Pomocy Ofiarom Wypadków i Katastrof Komunikacyjnych oraz Przemocy,"ul. Bł. Karoliny Kózkówny 69, 33-133 Zabawa, Polska",Geocoding failed
2860,Poradnia Specjalistyczna i Telefon Zaufania ARKA - Tarnów,"ul. Mościckiego 14 (IV piętro), 33-100 Tarnów",Geocoding failed
2861,Poradnia Specjalistyczna i Telefon Zaufania ARKA - Bochnia,"ul. Kościuszki 1/2 (I piętro), 32-700 Bochnia",Geocoding failed
2863,Poradnia Specjalistyczna i Telefon Zaufania ARKA - Limanowa,"ul. Zygmunta Augusta 35, 34-600 Limanowa",Service not available
2865,Stowarzyszenie SIEMACHA,UL.Długa 42 31-146 Kraków,Geocoding failed
2866,Armia Zbawienia / The Salvation Army ,ul. Ząbkowska 13/13  03-736 Warszawa,Service not available
2867,Fundacja PRZEMOCNIe,"Legionowo (niepełny adres podany przez osobę wypełniającą ankietę adres ze strony: 
Stępina 307 38-125 Stępina - woj.Podkarpackie)",Geocoding failed
2869,Stowarzyszenie na rzecz Przeciwdziałania Zjawiskom Patologii Społecznej Między Ludźmi im Anny Chałubińskiej ,"Ul Olszewska 7/9/11, 00-792 Warszawa",Geocoding failed
2872,La Strada Fundacja przeciwko Handlowi Ludźmi i Niewolnictwu,"skr. pocztowa nr 5, 00 - 956 Warszawa 10.",Geocoding failed
2876,Fundacja Centrum Praw Kobiet – Warszawa,"ul. Wilcza 60 lok. 19, 00-679 Warszawa",Geocoding failed
2877,Fundacja A.R.T.,"ul. Dąbrowszczaków 8/lok. 111, 03-474 Warszawa",Geocoding failed
2878,Stowarzyszenie OPTA,"ul. Marszałkowska 85 lok. 34, 00-683 Warszawa",Geocoding failed
2880,Powiślańska Fundacja Społeczna – Poradnia Rodzinna,"ul. Mokotowska 55 lok. 4, 00-542 Warszawa",Geocoding failed
2881,Powiślańska Fundacja Społeczna – Poradnia Rodzinna dla Ofiar Przemocy,"ul. Dobra 5 lok. 15/16, Warszawa",Geocoding failed
2883,Fundacja DOBROCZYNNI,"Dickensa 17 lok.53, 02-382 Warszawa",Geocoding failed
2884,Dobry Start,"Bracka18/63, 00-028 Warszawa",Geocoding failed
2887,Fundacja Przeciw Kulturze Gwałtu im. M. Hodgkinson,"ul. Z. Modzelewskiego 23/373, 02-679 Warszawa",Service not available
2893,Stowarzyszenie dla Rodzin,"ul. Nefrytowa 12, ul. Pszczyńska 26 m. 57, ul. Ząbkowska 39, Warszawa",Geocoding failed
2897,Fundacja Kolektyw Chemia,"Różana 69 lok. 3,02-569 Warszawa",Geocoding failed
2902,Stowarzyszenie dla Rodzin – Zespół Psychologiczno-Terapeutyczny Nowodwory,"ul. Nowodworska 35 m 51, 03-133 Warszawa",Service timed out
2904,Fundacja IKA im. Iki Szpakowskiej,"ul. Chmielna 15 pok. 102, 00-021 Warszawa",Geocoding failed
2910,Stowarzyszenie PORSO - Punkt Dębica,"ul. Cmentarna 1, Dębica",Service timed out
2918,Punkt Informacyjno-Konsultacyjny i Telefon Zaufania w Sędziszowie Małopolskim,"ul. Jana Pawła II 29, 39-120 Sędziszów Małopolski (Dom Parafialny, I piętro)",Geocoding failed
2920,Fundacja Domy Samotnych Matek z Dziećmi,"Łysakówek 14, 36-001 Łysakówek, gm. Trzebownisko",Geocoding failed
2921,Fundacja Latarnia,"Wola Piotrowa 34, 38-505 Bukowsko",Service timed out
2928,Fundacja Rozwoju Społecznego SPINACZ,"ul. Ludwika Waryńskiego 2, 45-047 Opole",Service not available
2929,Brzeskie Stowarzyszenie Abstynenta  Tama,"ul.Jana Pawła II 2, 49-300 Brzeg",Geocoding failed
2931,Stowarzyszenie Quisisana,"ul. Sienkiewicza 20, Oficyna, 45-037 Opole",Service not available
2938,Fundacja „ Glos kobiet Ukrainy „,"Mrągowo , Marcinkowo 76",Geocoding failed
2939,Lokalny Punkt Pomocy Pokrzywdzonym Przestępstwem w Nidzicy,13-100 Nidzica ul. Kolejowa 5,Geocoding failed
2941,Warmińsko-Mazurskie Stowarzyszenie Pomocy Pokrzywdzonym i Pomocy Prawnej SAPERE AUDE,"ul. Hubalczyków 2, 11-200 Bartoszyce",Service not available
2942,Okręgowy Ośrodek Pomocy Osobom Pokrzywdzonym Przestępstwem w Elblągu,"ul. Związku Jaszczurczego 17/101, 82-300 Elbląg",Service not available
2947,Lokalny Punkt Pomocy Pokrzywdzonym Przestępstwem – Stowarzyszenie PRYZMAT,"ul. Kościuszki 27A, Ełckie Centrum Rewitalizacji Społecznej „STAJNIA”, 19-300 Ełk",Geocoding failed
2948,Lokalny Punkt Pomocy Pokrzywdzonym Przestępstwem – SAPERE AUDE,"ul. Kopernika 7 (Liceum Katolickie), 11-500 Giżycko",Geocoding failed
2951,Lokalny Punkt Pomocy – Lidzbark Warmiński (SAPERE AUDE),"ul. Wierzbickiego 3B, 11-100 Lidzbark Warmiński",Service not available
2952,Lokalny Punkt Pomocy – Mrągowo (SAPERE AUDE),"ul. Kopernika 2C, 11-700 Mrągowo",Service not available
2953,Stowarzyszenie Wielokierunkowej Pomocy 'Remedium',"ul. Mikołaja Kopernika 2C lok. 9, 11-700 Mrągowo",Service timed out
2960,Stowarzyszenie Wspierania Działań na Rzecz Osób Potrzebujących Pomocy DROGA ,Niepodleglosci 19,Service not available
2962,Olsztyńskie Stowarzyszenie Pomocy Telefonicznej,10-123 Olsztyn Grunwaldzka 7A,Geocoding failed
2965,Stowarzyszenie Kobieta na PLUS ,12-220 Ruciane-Nida ul. Kolejowa  5 lok. 3,Geocoding failed
2966,Fundacja CzuliMy,ul. Kajki 7/19 10-546 w Olsztynie,Geocoding failed
2969,Warmińsko-Mazurskie Centrum Praw Kobiet – Punkt Konsultacyjny Ruciane-Nida,"ul. Polna 1 lok. 7, 12-220 Ruciane-Nida",Service not available
2970,Warmińsko-Mazurskie Centrum Praw Kobiet – Punkt Konsultacyjny Olsztyn,"ul. T. Szewczenki 1, 10-274 Olsztyn",Geocoding failed
2972,Fundacja Samotnych Matek z Dziećmi i Rodzin,"Nieławice, 18-430 Wizna",Service not available
2973,Okręgowy Ośrodek Pomocy Pokrzywdzonym Przestępstwem Towarzystwa AMICUS,"ul. Brukowa 28 lok. 8, 15-889 Białystok",Geocoding failed
2974,Lokalny Punkt Pomocy Pokrzywdzonym Przestępstwem w Augustowie (CAS Pryzmat),"ul. 3 Maja 60, 16-300 Augustów (MOPS)",Geocoding failed
2975,Lokalny Punkt Pomocy Pokrzywdzonym Przestępstwem w Bielsku Podlaskim (Towarzystwo AMICUS),"ul. Kazimierzowska 18/3, 17-100 Bielsk Podlaski (MOPS)",Service not available
2976,Lokalny Punkt Pomocy Pokrzywdzonym Przestępstwem w Grajewie (CAS Pryzmat),"ul. Strażacka 6, 19-200 Grajewo (MOPS)",Geocoding failed
2978,Centrum Aktywności Społecznej Pryzmat – Filia w Zambrowie (Stowarzyszenie Klub Abstynenta Ostoja),"ul. Fabryczna 3, 18-300 Zambrów",Service not available
2983,"Stowarzyszenie Rodzin Trzeźwościowych ""AZYL""","ul. Mieszka I 8c lok.16, 15-054 Białystok",Geocoding failed
2985,Białostockie Stowarzyszenie Klub Abstynentów 'Tęcza',"ul. Generała Józefa Hallera 8, 15-814 Białystok",Service not available
2986,Specjalistyczna Poradnia Rodzinna przy Towarzystwie Przyjaciół Dzieci Oddział Miejski w Białymstoku,"ul. Pietkiewicza 1, 15-689 Białystok",Service not available
2987,Biuro Porad Obywatelskich w Łomży,"ul. Szosa Zambrowska 1/27, lok. 215, 18-400 Łomża",Geocoding failed
2989,Polskie Stowarzyszenie Pedagogów Animatorów KLANZA Oddział Białystok - Mobilny Punkt Wsparcia 'Działamy Wspólnie',"ul. Witosa 15B lok. 12, 15-660 Białystok",Geocoding failed
2991,Hajnowskie Stowarzyszenie Abstynentów i Rodzin Klub Abstynentów 'DĄB',"ul. Ks. Wierobieja 18 (2 piętro), 17-200 Hajnówka",Geocoding failed
2992,Poradnia Rodzinna Fundacji EGO – Centrum Ochrony Dziecka,"ul. Noniewicza 91, 16-400 Suwałki","value too long for type character varying(255)
"
2993,Stowarzyszenie Bliżej Siebie Białystok - Eindhoven ,"ul. Boruty 19, 15-157 Białystok",Service not available
2997,Stowarzyszenie MONAR,KOCHANOWSKIEGO 7A,Service timed out
2998,Stowarzyszenie Na Rzecz Kobiet w Trudnej Sytuacji Życiowej „Junona”,"ul. Sokola 14/68, 82-500 Kwidzyn / Piekło 30, 82-400 Sztum",Geocoding failed
3008,Fundacja LUMUS – Ośrodek Lębork,"ul. Krzywoustego 1, Piętro 3, lok. 1, 84-300 Lębork",Geocoding failed
3009,Fundacja LUMUS – Ośrodek Słupsk,"al. Jana Pawła II 1, Lokale 633 i 635, 76-200 Słupsk",Geocoding failed
3010,Stowarzyszenie Opiekuńczo-Resocjalizacyjne „Prometeusz”,"ul. Nowiny 80, Gdańsk",Service not available
3011,Stowarzyszenie Opiekuńczo-Resocjalizacyjne „Prometeusz”,"ul. Zakopiańska 40, 80-139 Gdańsk",Service not available
3016,OgólnOgólnopolskie Stowarzyszenie Antymobbingowe OSA,ul. Warzywnicza 10/C/7 80-838 Gdańsk - tylko do korespondencji,Geocoding failed
3017,Fundacja IBUK – Punkt Nieodpłatnej Pomocy Prawnej i Poradnictwa Obywatelskiego,"Plac Słowiański 17, pokój 230 (II piętro), 82-200 Malbork",Geocoding failed
3020,Fundacja Teneo – Punkt NPP Jagiellońska,"ul. Jagiellońska 11, pokój 27, 80-366 Gdańsk (wejście od tyłu budynku PSONI)",Service timed out
3022,Stowarzyszenie Pelikan,"Gdańsk, ul. Brzozowa 15a",Geocoding failed
3023,Stowarzyszenie Praktyków Profilaktyki Społecznej,"pl. Solidarności 1, 80-863 Gdańsk (ECS, piętro III, biuro 3.23)",Geocoding failed
3026,Fundacja Pokolenia,Biuro: 83-110 Tczew ul Obrońców Westerplatte 6,Geocoding failed
3031,Dom Samotnej Matki i Ofiar Przemocy – Koło TP im. Św. Brata Alberta w Kielcach,"Wierna Rzeka 21, 26-065 Piekoszów",Service not available
3034,Częstochowskie Towarzystwo Profilaktyki Społecznej,ul.Rejtana 7b 42-202 Cęstochowa,Service not available
3039,Ośrodek Pomocy Pokrzywdzonym Przestępstwem – Piotrków Trybunalski,"ul. Narutowicza 84/4, 97-300 Piotrków Trybunalski",Service not available
3040,Lokalny Punkt – Radomsko,"ul. Kościuszki 12A, 97-500 Radomsko",Service timed out
3050,Terenowy Komitet Ochrony Praw Dziecka,"Aleja Pokoju 12, 42-207 Częstochowa",Service not available
3052,Stowarzyszenie Pomocy Rodzinie „Jesteśmy z Wami” – Punkt Konsultacyjny,ul. Kościuszki 1741-300 Dąbrowa Górnicza,Service not available
3056,Lokalny Punkt Pomocy Pokrzywdzonym Przestępstwem – Kędzierzyn-Koźle,"ul. Piramowicza 17, 47-200 Kędzierzyn-Koźle",Service timed out
3059,Lokalny Punkt Pomocy Osobom Pokrzywdzonym Przestępstwem w Żywcu,"ul. Rynek 12 (Parafia NMP, wejście od strony kantora), 34-300 Żywiec",Geocoding failed
3066,Stowarzyszenie na rzecz dzieci i młodzieży „Przystanek”,ul Osiedlowa 1/3 41-710 Ruda Śląska,Geocoding failed
3070,Stowarzyszenie na Rzecz Poradnictwa Obywatelskiego Dogma,"ul. Barona 30/pok. 319, 43-100 Tychy",Geocoding failed
3078,Fundacja Adapter,"ul. F. Chopina 1, 42-480 Poręba",Service timed out
3086,Ośrodek Wsparcia dla Ofiar Przemocy w Rodzinie (Dom Pomocna Dłoń),"ul. Błońsko 37A, 64-308 Jabłonna",Geocoding failed
3089,Centrum Interwencji Kryzysowej TIO – Koło,"ul. Księcia Józefa Poniatowskiego 21, Koło",Geocoding failed
3098,Fundacja PCPS – Poznańskie Centrum Profilaktyki Społecznej,"ul. Głogowska 27 (domofon 150), 60-702 Poznań",Geocoding failed
3104,Lokalny Punkt Pomocy – Kamień Pomorski,"ul. Garncarska 4, Kamień Pomorski",Service not available
3107,Lokalny Punkt Pomocy – Goleniów,"ul. Wojska Polskiego 28, pok. 104, Goleniów",Service not available
3112,Lokalny Punkt Pomocy – Świnoujście,"ul. Wojska Polskiego 1/5, Sala obsługi interesanta, Świnoujście",Geocoding failed
3118,Towarzystwo Przyjaciół Dzieci Oddział Powiatowy w Szczecinie,"ul. Papieża Jana Pawła II 42/U9, 70-415 Szczecin",Geocoding failed
3120,Towarzystwo Przyjaciół Dzieci Oddział Okręgowy w Koszalinie,"ul. Piłsudskiego 11-15, 75-501 Koszalin",Service not available
3124,Lokalny Punkt Pomocy w Myśliborzu,"Ośrodek Pomocy Społecznej, ul. 1 Maja 19, Myślibórz",Service not available
3125,Lokalny Punkt Pomocy w Choszcznie,"Powiatowe Centrum Pomocy Rodzinie, ul. Bolesława Chrobrego 27a, Choszczno",Service not available
3126,Lokalny Punkt Pomocy w Gryficach,"Ośrodek Pomocy Społecznej, Plac Zwycięstwa 37/3a, Gryfice",Geocoding failed
3127,Lokalny Punkt Pomocy w Stargardzie,"Powiatowe Centrum Pomocy Rodzinie, ul. Andersa 14, Stargard",Geocoding failed
3128,Lokalny Punkt Pomocy w Goleniowie,"Centrum Aktywności Lokalnej, ul. Wojska Polskiego 28, pokój 104, Goleniów",Geocoding failed
3129,Lokalny Punkt Pomocy w Gryfinie,"Powiatowe Centrum Pomocy Rodzinie, ul. Łużycka 91, Gryfino",Geocoding failed
3130,Lokalny Punkt Pomocy w Łobzie,"Powiatowe Centrum Pomocy Rodzinie, ul. Bema 27, Łobez",Geocoding failed
3131,Lokalny Punkt Pomocy w Kamieniu Pomorskim,"Powiatowe Centrum Pomocy Rodzinie, ul. Garncarska 4, Kamień Pomorski",Geocoding failed
3135,Stowarzyszenie „Vocatio Dei”,"ul. Seminaryjna 2, 75-817 Koszalin",Service not available
